hospital,date,admissions
Adventist Healthcare Fort Washington Medical Ctr,2020-12-15,1.374230068
Adventist Healthcare Fort Washington Medical Ctr,2020-12-16,1.426054089
Adventist Healthcare Fort Washington Medical Ctr,2020-12-17,1.422480018
Adventist Healthcare Fort Washington Medical Ctr,2020-12-18,1.465964542
Adventist Healthcare Fort Washington Medical Ctr,2020-12-19,1.486813286
Adventist Healthcare Fort Washington Medical Ctr,2020-12-20,1.523149668
Adventist Healthcare Fort Washington Medical Ctr,2020-12-21,1.482643537
Adventist Healthcare Fort Washington Medical Ctr,2020-12-22,1.477282431
Adventist Healthcare Fort Washington Medical Ctr,2020-12-23,1.525532381
Adventist Healthcare Fort Washington Medical Ctr,2020-12-24,1.529106452
Adventist Healthcare Fort Washington Medical Ctr,2020-12-25,1.558294693
Adventist Healthcare Fort Washington Medical Ctr,2020-12-26,1.586291578
Adventist Healthcare Fort Washington Medical Ctr,2020-12-27,1.61905389
Adventist Healthcare Fort Washington Medical Ctr,2020-12-28,1.571995297
Adventist Healthcare Fort Washington Medical Ctr,2020-12-29,1.549955196
Adventist Healthcare Fort Washington Medical Ctr,2020-12-30,1.599396503
Adventist Healthcare Fort Washington Medical Ctr,2020-12-31,1.589865649
Adventist Healthcare Fort Washington Medical Ctr,2021-01-01,1.628584745
Adventist Healthcare Fort Washington Medical Ctr,2021-01-02,1.64883781
Adventist Healthcare Fort Washington Medical Ctr,2021-01-03,1.671473589
Adventist Healthcare Fort Washington Medical Ctr,2021-01-04,1.61905389
Adventist Healthcare Fort Washington Medical Ctr,2021-01-05,1.618458212
Adventist Healthcare Fort Washington Medical Ctr,2021-01-06,1.662538413
Adventist Healthcare Fort Washington Medical Ctr,2021-01-07,1.651816202
Adventist Healthcare Fort Washington Medical Ctr,2021-01-08,1.685769871
Adventist Healthcare Fort Washington Medical Ctr,2021-01-09,1.691130977
Adventist Healthcare Shady Grove Medical Center,2020-12-15,9.111044344
Adventist Healthcare Shady Grove Medical Center,2020-12-16,9.454633793
Adventist Healthcare Shady Grove Medical Center,2020-12-17,9.430937969
Adventist Healthcare Shady Grove Medical Center,2020-12-18,9.719237161
Adventist Healthcare Shady Grove Medical Center,2020-12-19,9.857462801
Adventist Healthcare Shady Grove Medical Center,2020-12-20,10.09837035
Adventist Healthcare Shady Grove Medical Center,2020-12-21,9.829817673
Adventist Healthcare Shady Grove Medical Center,2020-12-22,9.794273937
Adventist Healthcare Shady Grove Medical Center,2020-12-23,10.11416756
Adventist Healthcare Shady Grove Medical Center,2020-12-24,10.13786339
Adventist Healthcare Shady Grove Medical Center,2020-12-25,10.33137928
Adventist Healthcare Shady Grove Medical Center,2020-12-26,10.51699657
Adventist Healthcare Shady Grove Medical Center,2020-12-27,10.73420829
Adventist Healthcare Shady Grove Medical Center,2020-12-28,10.42221327
Adventist Healthcare Shady Grove Medical Center,2020-12-29,10.27608903
Adventist Healthcare Shady Grove Medical Center,2020-12-30,10.60388126
Adventist Healthcare Shady Grove Medical Center,2020-12-31,10.54069239
Adventist Healthcare Shady Grove Medical Center,2021-01-01,10.79739716
Adventist Healthcare Shady Grove Medical Center,2021-01-02,10.93167349
Adventist Healthcare Shady Grove Medical Center,2021-01-03,11.08174704
Adventist Healthcare Shady Grove Medical Center,2021-01-04,10.73420829
Adventist Healthcare Shady Grove Medical Center,2021-01-05,10.73025899
Adventist Healthcare Shady Grove Medical Center,2021-01-06,11.02250748
Adventist Healthcare Shady Grove Medical Center,2021-01-07,10.95142001
Adventist Healthcare Shady Grove Medical Center,2021-01-08,11.17653034
Adventist Healthcare Shady Grove Medical Center,2021-01-09,11.21207408
Adventist Healthcare White Oak Medical Center,2020-12-15,11.23378548
Adventist Healthcare White Oak Medical Center,2020-12-16,11.65742628
Adventist Healthcare White Oak Medical Center,2020-12-17,11.62820967
Adventist Healthcare White Oak Medical Center,2020-12-18,11.9836784
Adventist Healthcare White Oak Medical Center,2020-12-19,12.1541086
Adventist Healthcare White Oak Medical Center,2020-12-20,12.45114411
Adventist Healthcare White Oak Medical Center,2020-12-21,12.12002256
Adventist Healthcare White Oak Medical Center,2020-12-22,12.07619765
Adventist Healthcare White Oak Medical Center,2020-12-23,12.47062185
Adventist Healthcare White Oak Medical Center,2020-12-24,12.49983846
Adventist Healthcare White Oak Medical Center,2020-12-25,12.73844075
Adventist Healthcare White Oak Medical Center,2020-12-26,12.96730417
Adventist Healthcare White Oak Medical Center,2020-12-27,13.23512307
Adventist Healthcare White Oak Medical Center,2020-12-28,12.85043774
Adventist Healthcare White Oak Medical Center,2020-12-29,12.67026866
Adventist Healthcare White Oak Medical Center,2020-12-30,13.07443173
Adventist Healthcare White Oak Medical Center,2020-12-31,12.99652078
Adventist Healthcare White Oak Medical Center,2021-01-01,13.31303402
Adventist Healthcare White Oak Medical Center,2021-01-02,13.4785948
Adventist Healthcare White Oak Medical Center,2021-01-03,13.66363331
Adventist Healthcare White Oak Medical Center,2021-01-04,13.23512307
Adventist Healthcare White Oak Medical Center,2021-01-05,13.23025364
Adventist Healthcare White Oak Medical Center,2021-01-06,13.59059179
Adventist Healthcare White Oak Medical Center,2021-01-07,13.50294197
Adventist Healthcare White Oak Medical Center,2021-01-08,13.78049974
Adventist Healthcare White Oak Medical Center,2021-01-09,13.82432465
Anne Arundel Medical Center,2020-12-15,9.500207923
Anne Arundel Medical Center,2020-12-16,9.858473242
Anne Arundel Medical Center,2020-12-17,9.833765289
Anne Arundel Medical Center,2020-12-18,10.13437872
Anne Arundel Medical Center,2020-12-19,10.27850844
Anne Arundel Medical Center,2020-12-20,10.52970596
Anne Arundel Medical Center,2020-12-21,10.2496825
Anne Arundel Medical Center,2020-12-22,10.21262057
Anne Arundel Medical Center,2020-12-23,10.54617793
Anne Arundel Medical Center,2020-12-24,10.57088589
Anne Arundel Medical Center,2020-12-25,10.7726675
Anne Arundel Medical Center,2020-12-26,10.96621313
Anne Arundel Medical Center,2020-12-27,11.1927027
Anne Arundel Medical Center,2020-12-28,10.86738132
Anne Arundel Medical Center,2020-12-29,10.71501561
Anne Arundel Medical Center,2020-12-30,11.05680896
Anne Arundel Medical Center,2020-12-31,10.99092109
Anne Arundel Medical Center,2021-01-01,11.25859058
Anne Arundel Medical Center,2021-01-02,11.39860231
Anne Arundel Medical Center,2021-01-03,11.55508601
Anne Arundel Medical Center,2021-01-04,11.1927027
Anne Arundel Medical Center,2021-01-05,11.18858471
Anne Arundel Medical Center,2021-01-06,11.49331613
Anne Arundel Medical Center,2021-01-07,11.41919227
Anne Arundel Medical Center,2021-01-08,11.65391783
Anne Arundel Medical Center,2021-01-09,11.69097975
Atlantic General Hospital,2020-12-15,1.350538331
Atlantic General Hospital,2020-12-16,1.401468905
Atlantic General Hospital,2020-12-17,1.397956451
Atlantic General Hospital,2020-12-18,1.440691301
Atlantic General Hospital,2020-12-19,1.461180613
Atlantic General Hospital,2020-12-20,1.496890555
Atlantic General Hospital,2020-12-21,1.45708275
Atlantic General Hospital,2020-12-22,1.45181407
Atlantic General Hospital,2020-12-23,1.499232191
Atlantic General Hospital,2020-12-24,1.502744644
Atlantic General Hospital,2020-12-25,1.531429681
Atlantic General Hospital,2020-12-26,1.558943899
Atlantic General Hospital,2020-12-27,1.591141388
Atlantic General Hospital,2020-12-28,1.544894085
Atlantic General Hospital,2020-12-29,1.523233956
Atlantic General Hospital,2020-12-30,1.571822895
Atlantic General Hospital,2020-12-31,1.562456352
Atlantic General Hospital,2021-01-01,1.600507931
Atlantic General Hospital,2021-01-02,1.620411833
Atlantic General Hospital,2021-01-03,1.642657371
Atlantic General Hospital,2021-01-04,1.591141388
Atlantic General Hospital,2021-01-05,1.590555979
Atlantic General Hospital,2021-01-06,1.633876238
Atlantic General Hospital,2021-01-07,1.623338878
Atlantic General Hospital,2021-01-08,1.656707185
Atlantic General Hospital,2021-01-09,1.661975865
Baltimore Convention Center Alternate Care Site,2020-12-15,1.058680969
Baltimore Convention Center Alternate Care Site,2020-12-16,1.098605218
Baltimore Convention Center Alternate Care Site,2020-12-17,1.095851822
Baltimore Convention Center Alternate Care Site,2020-12-18,1.12935148
Baltimore Convention Center Alternate Care Site,2020-12-19,1.14541296
Baltimore Convention Center Alternate Care Site,2020-12-20,1.173405824
Baltimore Convention Center Alternate Care Site,2020-12-21,1.142200664
Baltimore Convention Center Alternate Care Site,2020-12-22,1.138070569
Baltimore Convention Center Alternate Care Site,2020-12-23,1.175241422
Baltimore Convention Center Alternate Care Site,2020-12-24,1.177994819
Baltimore Convention Center Alternate Care Site,2020-12-25,1.20048089
Baltimore Convention Center Alternate Care Site,2020-12-26,1.222049163
Baltimore Convention Center Alternate Care Site,2020-12-27,1.247288632
Baltimore Convention Center Alternate Care Site,2020-12-28,1.211035577
Baltimore Convention Center Alternate Care Site,2020-12-29,1.194056298
Baltimore Convention Center Alternate Care Site,2020-12-30,1.232144951
Baltimore Convention Center Alternate Care Site,2020-12-31,1.22480256
Baltimore Convention Center Alternate Care Site,2021-01-01,1.254631022
Baltimore Convention Center Alternate Care Site,2021-01-02,1.270233603
Baltimore Convention Center Alternate Care Site,2021-01-03,1.287671781
Baltimore Convention Center Alternate Care Site,2021-01-04,1.247288632
Baltimore Convention Center Alternate Care Site,2021-01-05,1.246829732
Baltimore Convention Center Alternate Care Site,2021-01-06,1.280788289
Baltimore Convention Center Alternate Care Site,2021-01-07,1.2725281
Baltimore Convention Center Alternate Care Site,2021-01-08,1.298685367
Baltimore Convention Center Alternate Care Site,2021-01-09,1.302815462
Calverthealth Medical Center,2020-12-15,1.69769013
Calverthealth Medical Center,2020-12-16,1.761712254
Calverthealth Medical Center,2020-12-17,1.757296935
Calverthealth Medical Center,2020-12-18,1.811016649
Calverthealth Medical Center,2020-12-19,1.836772676
Calverthealth Medical Center,2020-12-20,1.881661752
Calverthealth Medical Center,2020-12-21,1.831621471
Calverthealth Medical Center,2020-12-22,1.824998492
Calverthealth Medical Center,2020-12-23,1.884605298
Calverthealth Medical Center,2020-12-24,1.889020617
Calverthealth Medical Center,2020-12-25,1.925079055
Calverthealth Medical Center,2020-12-26,1.95966572
Calverthealth Medical Center,2020-12-27,2.000139477
Calverthealth Medical Center,2020-12-28,1.942004444
Calverthealth Medical Center,2020-12-29,1.914776644
Calverthealth Medical Center,2020-12-30,1.975855222
Calverthealth Medical Center,2020-12-31,1.964081039
Calverthealth Medical Center,2021-01-01,2.01191366
Calverthealth Medical Center,2021-01-02,2.036933801
Calverthealth Medical Center,2021-01-03,2.064897488
Calverthealth Medical Center,2021-01-04,2.000139477
Calverthealth Medical Center,2021-01-05,1.99940359
Calverthealth Medical Center,2021-01-06,2.05385919
Calverthealth Medical Center,2021-01-07,2.040613234
Calverthealth Medical Center,2021-01-08,2.082558763
Calverthealth Medical Center,2021-01-09,2.089181742
Carroll Hospital Center,2020-12-15,5.377615737
Carroll Hospital Center,2020-12-16,5.58041269
Carroll Hospital Center,2020-12-17,5.566426693
Carroll Hospital Center,2020-12-18,5.736589653
Carroll Hospital Center,2020-12-19,5.818174634
Carroll Hospital Center,2020-12-20,5.9603656
Carroll Hospital Center,2020-12-21,5.801857638
Carroll Hospital Center,2020-12-22,5.780878643
Carroll Hospital Center,2020-12-23,5.969689598
Carroll Hospital Center,2020-12-24,5.983675595
Carroll Hospital Center,2020-12-25,6.097894568
Carroll Hospital Center,2020-12-26,6.207451542
Carroll Hospital Center,2020-12-27,6.335656512
Carroll Hospital Center,2020-12-28,6.151507556
Carroll Hospital Center,2020-12-29,6.065260576
Carroll Hospital Center,2020-12-30,6.25873353
Carroll Hospital Center,2020-12-31,6.221437539
Carroll Hospital Center,2021-01-01,6.372952504
Carroll Hospital Center,2021-01-02,6.452206485
Carroll Hospital Center,2021-01-03,6.540784464
Carroll Hospital Center,2021-01-04,6.335656512
Carroll Hospital Center,2021-01-05,6.333325513
Carroll Hospital Center,2021-01-06,6.505819472
Carroll Hospital Center,2021-01-07,6.463861482
Carroll Hospital Center,2021-01-08,6.596728451
Carroll Hospital Center,2021-01-09,6.617707446
Doctors'  Community Hospital,2020-12-15,5.682332265
Doctors'  Community Hospital,2020-12-16,5.896620478
Doctors'  Community Hospital,2020-12-17,5.881841981
Doctors'  Community Hospital,2020-12-18,6.061647033
Doctors'  Community Hospital,2020-12-19,6.147854935
Doctors'  Community Hospital,2020-12-20,6.298102992
Doctors'  Community Hospital,2020-12-21,6.130613354
Doctors'  Community Hospital,2020-12-22,6.108445608
Doctors'  Community Hospital,2020-12-23,6.307955323
Doctors'  Community Hospital,2020-12-24,6.322733821
Doctors'  Community Hospital,2020-12-25,6.443424883
Doctors'  Community Hospital,2020-12-26,6.55918978
Doctors'  Community Hospital,2020-12-27,6.69465934
Doctors'  Community Hospital,2020-12-28,6.50007579
Doctors'  Community Hospital,2020-12-29,6.408941723
Doctors'  Community Hospital,2020-12-30,6.613377604
Doctors'  Community Hospital,2020-12-31,6.573968277
Doctors'  Community Hospital,2021-01-01,6.734068666
Doctors'  Community Hospital,2021-01-02,6.817813485
Doctors'  Community Hospital,2021-01-03,6.911410636
Doctors'  Community Hospital,2021-01-04,6.69465934
Doctors'  Community Hospital,2021-01-05,6.692196257
Doctors'  Community Hospital,2021-01-06,6.874464392
Doctors'  Community Hospital,2021-01-07,6.8301289
Doctors'  Community Hospital,2021-01-08,6.970524625
Doctors'  Community Hospital,2021-01-09,6.992692371
Frederick Health Hospital,2020-12-15,10.49528845
Frederick Health Hospital,2020-12-16,10.89107957
Frederick Health Hospital,2020-12-17,10.86378363
Frederick Health Hospital,2020-12-18,11.19588422
Frederick Health Hospital,2020-12-19,11.35511053
Frederick Health Hospital,2020-12-20,11.63261924
Frederick Health Hospital,2020-12-21,11.32326526
Frederick Health Hospital,2020-12-22,11.28232136
Frederick Health Hospital,2020-12-23,11.65081653
Frederick Health Hospital,2020-12-24,11.67811247
Frederick Health Hospital,2020-12-25,11.9010293
Frederick Health Hospital,2020-12-26,12.11484749
Frederick Health Hospital,2020-12-27,12.36506026
Frederick Health Hospital,2020-12-28,12.00566373
Frederick Health Hospital,2020-12-29,11.83733878
Frederick Health Hospital,2020-12-30,12.2149326
Frederick Health Hospital,2020-12-31,12.14214343
Frederick Health Hospital,2021-01-01,12.43784943
Frederick Health Hospital,2021-01-02,12.59252642
Frederick Health Hospital,2021-01-03,12.7654007
Frederick Health Hospital,2021-01-04,12.36506026
Frederick Health Hospital,2021-01-05,12.36051094
Frederick Health Hospital,2021-01-06,12.69716085
Frederick Health Hospital,2021-01-07,12.61527303
Frederick Health Hospital,2021-01-08,12.87458445
Frederick Health Hospital,2021-01-09,12.91552836
Garrett County Memorial Hospital,2020-12-15,1.775640664
Garrett County Memorial Hospital,2020-12-16,1.842602406
Garrett County Memorial Hospital,2020-12-17,1.837984355
Garrett County Memorial Hospital,2020-12-18,1.894170644
Garrett County Memorial Hospital,2020-12-19,1.921109275
Garrett County Memorial Hospital,2020-12-20,1.968059462
Garrett County Memorial Hospital,2020-12-21,1.915721549
Garrett County Memorial Hospital,2020-12-22,1.908794472
Garrett County Memorial Hospital,2020-12-23,1.971138163
Garrett County Memorial Hospital,2020-12-24,1.975756214
Garrett County Memorial Hospital,2020-12-25,2.013470298
Garrett County Memorial Hospital,2020-12-26,2.049645032
Garrett County Memorial Hospital,2020-12-27,2.091977167
Garrett County Memorial Hospital,2020-12-28,2.031172827
Garrett County Memorial Hospital,2020-12-29,2.002694845
Garrett County Memorial Hospital,2020-12-30,2.066577886
Garrett County Memorial Hospital,2020-12-31,2.054263083
Garrett County Memorial Hospital,2021-01-01,2.104291971
Garrett County Memorial Hospital,2021-01-02,2.130460927
Garrett County Memorial Hospital,2021-01-03,2.159708584
Garrett County Memorial Hospital,2021-01-04,2.091977167
Garrett County Memorial Hospital,2021-01-05,2.091207492
Garrett County Memorial Hospital,2021-01-06,2.148163456
Garrett County Memorial Hospital,2021-01-07,2.134309303
Garrett County Memorial Hospital,2021-01-08,2.178180789
Garrett County Memorial Hospital,2021-01-09,2.185107866
"Grace Medical Center, Inc",2020-12-15,0.081436998
"Grace Medical Center, Inc",2020-12-16,0.084508094
"Grace Medical Center, Inc",2020-12-17,0.084296294
"Grace Medical Center, Inc",2020-12-18,0.086873191
"Grace Medical Center, Inc",2020-12-19,0.088108689
"Grace Medical Center, Inc",2020-12-20,0.090261986
"Grace Medical Center, Inc",2020-12-21,0.08786159
"Grace Medical Center, Inc",2020-12-22,0.08754389
"Grace Medical Center, Inc",2020-12-23,0.090403186
"Grace Medical Center, Inc",2020-12-24,0.090614986
"Grace Medical Center, Inc",2020-12-25,0.092344684
"Grace Medical Center, Inc",2020-12-26,0.094003782
"Grace Medical Center, Inc",2020-12-27,0.095945279
"Grace Medical Center, Inc",2020-12-28,0.093156583
"Grace Medical Center, Inc",2020-12-29,0.091850484
"Grace Medical Center, Inc",2020-12-30,0.094780381
"Grace Medical Center, Inc",2020-12-31,0.094215582
"Grace Medical Center, Inc",2021-01-01,0.096510079
"Grace Medical Center, Inc",2021-01-02,0.097710277
"Grace Medical Center, Inc",2021-01-03,0.099051675
"Grace Medical Center, Inc",2021-01-04,0.095945279
"Grace Medical Center, Inc",2021-01-05,0.095909979
"Grace Medical Center, Inc",2021-01-06,0.098522176
"Grace Medical Center, Inc",2021-01-07,0.097886777
"Grace Medical Center, Inc",2021-01-08,0.099898874
"Grace Medical Center, Inc",2021-01-09,0.100216574
Greater Baltimore Medical Center,2020-12-15,5.124551668
Greater Baltimore Medical Center,2020-12-16,5.317805242
Greater Baltimore Medical Center,2020-12-17,5.304477409
Greater Baltimore Medical Center,2020-12-18,5.466632707
Greater Baltimore Medical Center,2020-12-19,5.544378398
Greater Baltimore Medical Center,2020-12-20,5.67987803
Greater Baltimore Medical Center,2020-12-21,5.52882926
Greater Baltimore Medical Center,2020-12-22,5.508837511
Greater Baltimore Medical Center,2020-12-23,5.688763252
Greater Baltimore Medical Center,2020-12-24,5.702091085
Greater Baltimore Medical Center,2020-12-25,5.810935051
Greater Baltimore Medical Center,2020-12-26,5.915336408
Greater Baltimore Medical Center,2020-12-27,6.037508207
Greater Baltimore Medical Center,2020-12-28,5.862025077
Greater Baltimore Medical Center,2020-12-29,5.779836775
Greater Baltimore Medical Center,2020-12-30,5.964205127
Greater Baltimore Medical Center,2020-12-31,5.92866424
Greater Baltimore Medical Center,2021-01-01,6.073049094
Greater Baltimore Medical Center,2021-01-02,6.14857348
Greater Baltimore Medical Center,2021-01-03,6.232983087
Greater Baltimore Medical Center,2021-01-04,6.037508207
Greater Baltimore Medical Center,2021-01-05,6.035286902
Greater Baltimore Medical Center,2021-01-06,6.199663505
Greater Baltimore Medical Center,2021-01-07,6.159680007
Greater Baltimore Medical Center,2021-01-08,6.286294417
Greater Baltimore Medical Center,2021-01-09,6.306286166
Holy Cross Germantown Hospital,2020-12-15,3.180532248
Holy Cross Germantown Hospital,2020-12-16,3.300474297
Holy Cross Germantown Hospital,2020-12-17,3.292202431
Holy Cross Germantown Hospital,2020-12-18,3.39284346
Holy Cross Germantown Hospital,2020-12-19,3.441096008
Holy Cross Germantown Hospital,2020-12-20,3.525193307
Holy Cross Germantown Hospital,2020-12-21,3.431445499
Holy Cross Germantown Hospital,2020-12-22,3.419037701
Holy Cross Germantown Hospital,2020-12-23,3.530707884
Holy Cross Germantown Hospital,2020-12-24,3.538979749
Holy Cross Germantown Hospital,2020-12-25,3.606533317
Holy Cross Germantown Hospital,2020-12-26,3.671329596
Holy Cross Germantown Hospital,2020-12-27,3.747155028
Holy Cross Germantown Hospital,2020-12-28,3.638242134
Holy Cross Germantown Hospital,2020-12-29,3.587232297
Holy Cross Germantown Hospital,2020-12-30,3.701659769
Holy Cross Germantown Hospital,2020-12-31,3.679601461
Holy Cross Germantown Hospital,2021-01-01,3.769213336
Holy Cross Germantown Hospital,2021-01-02,3.81608724
Holy Cross Germantown Hospital,2021-01-03,3.868475721
Holy Cross Germantown Hospital,2021-01-04,3.747155028
Holy Cross Germantown Hospital,2021-01-05,3.745776384
Holy Cross Germantown Hospital,2021-01-06,3.847796058
Holy Cross Germantown Hospital,2021-01-07,3.822980461
Holy Cross Germantown Hospital,2021-01-08,3.901563183
Holy Cross Germantown Hospital,2021-01-09,3.913970981
Holy Cross Hospital,2020-12-15,12.09713357
Holy Cross Hospital,2020-12-16,12.55333237
Holy Cross Hospital,2020-12-17,12.52187038
Holy Cross Hospital,2020-12-18,12.90465788
Holy Cross Hospital,2020-12-19,13.08818613
Holy Cross Hospital,2020-12-20,13.40804965
Holy Cross Hospital,2020-12-21,13.05148048
Holy Cross Hospital,2020-12-22,13.0042875
Holy Cross Hospital,2020-12-23,13.42902431
Holy Cross Hospital,2020-12-24,13.46048629
Holy Cross Hospital,2020-12-25,13.71742585
Holy Cross Hospital,2020-12-26,13.96387807
Holy Cross Hospital,2020-12-27,14.25227961
Holy Cross Hospital,2020-12-28,13.83803013
Holy Cross Hospital,2020-12-29,13.64401455
Holy Cross Hospital,2020-12-30,14.07923868
Holy Cross Hospital,2020-12-31,13.99534005
Holy Cross Hospital,2021-01-01,14.33617823
Holy Cross Hospital,2021-01-02,14.51446282
Holy Cross Hospital,2021-01-03,14.71372207
Holy Cross Hospital,2021-01-04,14.25227961
Holy Cross Hospital,2021-01-05,14.24703594
Holy Cross Hospital,2021-01-06,14.6350671
Holy Cross Hospital,2021-01-07,14.54068114
Holy Cross Hospital,2021-01-08,14.83957001
Holy Cross Hospital,2021-01-09,14.88676299
Howard County General Hospital,2020-12-15,8.447792064
Howard County General Hospital,2020-12-16,8.766369398
Howard County General Hospital,2020-12-17,8.744398548
Howard County General Hospital,2020-12-18,9.011710563
Howard County General Hospital,2020-12-19,9.139873859
Howard County General Hospital,2020-12-20,9.363244173
Howard County General Hospital,2020-12-21,9.1142412
Howard County General Hospital,2020-12-22,9.081284924
Howard County General Hospital,2020-12-23,9.377891407
Howard County General Hospital,2020-12-24,9.399862258
Howard County General Hospital,2020-12-25,9.579290871
Howard County General Hospital,2020-12-26,9.751395868
Howard County General Hospital,2020-12-27,9.952795332
Howard County General Hospital,2020-12-28,9.663512465
Howard County General Hospital,2020-12-29,9.528025553
Howard County General Hospital,2020-12-30,9.831955653
Howard County General Hospital,2020-12-31,9.773366718
Howard County General Hospital,2021-01-01,10.01138427
Howard County General Hospital,2021-01-02,10.13588575
Howard County General Hospital,2021-01-03,10.27503447
Howard County General Hospital,2021-01-04,9.952795332
Howard County General Hospital,2021-01-05,9.949133523
Howard County General Hospital,2021-01-06,10.22010735
Howard County General Hospital,2021-01-07,10.1541948
Howard County General Hospital,2021-01-08,10.36291788
Howard County General Hospital,2021-01-09,10.39587415
Johns Hopkins Bayview Medical Center,2020-12-15,1.449578557
Johns Hopkins Bayview Medical Center,2020-12-16,1.504244068
Johns Hopkins Bayview Medical Center,2020-12-17,1.500474033
Johns Hopkins Bayview Medical Center,2020-12-18,1.546342795
Johns Hopkins Bayview Medical Center,2020-12-19,1.568334668
Johns Hopkins Bayview Medical Center,2020-12-20,1.60666336
Johns Hopkins Bayview Medical Center,2020-12-21,1.563936293
Johns Hopkins Bayview Medical Center,2020-12-22,1.55828124
Johns Hopkins Bayview Medical Center,2020-12-23,1.609176716
Johns Hopkins Bayview Medical Center,2020-12-24,1.612946752
Johns Hopkins Bayview Medical Center,2020-12-25,1.643735373
Johns Hopkins Bayview Medical Center,2020-12-26,1.673267316
Johns Hopkins Bayview Medical Center,2020-12-27,1.707825972
Johns Hopkins Bayview Medical Center,2020-12-28,1.658187175
Johns Hopkins Bayview Medical Center,2020-12-29,1.634938624
Johns Hopkins Bayview Medical Center,2020-12-30,1.687090778
Johns Hopkins Bayview Medical Center,2020-12-31,1.677037351
Johns Hopkins Bayview Medical Center,2021-01-01,1.7178794
Johns Hopkins Bayview Medical Center,2021-01-02,1.739242933
Johns Hopkins Bayview Medical Center,2021-01-03,1.763119823
Johns Hopkins Bayview Medical Center,2021-01-04,1.707825972
Johns Hopkins Bayview Medical Center,2021-01-05,1.707197633
Johns Hopkins Bayview Medical Center,2021-01-06,1.753694735
Johns Hopkins Bayview Medical Center,2021-01-07,1.742384629
Johns Hopkins Bayview Medical Center,2021-01-08,1.778199964
Johns Hopkins Bayview Medical Center,2021-01-09,1.783855017
"Johns Hopkins Hospital, The",2020-12-15,2.528618775
"Johns Hopkins Hospital, The",2020-12-16,2.62397631
"Johns Hopkins Hospital, The",2020-12-17,2.617399929
"Johns Hopkins Hospital, The",2020-12-18,2.697412573
"Johns Hopkins Hospital, The",2020-12-19,2.7357748
"Johns Hopkins Hospital, The",2020-12-20,2.802634681
"Johns Hopkins Hospital, The",2020-12-21,2.728102354
"Johns Hopkins Hospital, The",2020-12-22,2.718237782
"Johns Hopkins Hospital, The",2020-12-23,2.807018935
"Johns Hopkins Hospital, The",2020-12-24,2.813595317
"Johns Hopkins Hospital, The",2020-12-25,2.867302434
"Johns Hopkins Hospital, The",2020-12-26,2.918817425
"Johns Hopkins Hospital, The",2020-12-27,2.979100924
"Johns Hopkins Hospital, The",2020-12-28,2.892511898
"Johns Hopkins Hospital, The",2020-12-29,2.851957544
"Johns Hopkins Hospital, The",2020-12-30,2.942930824
"Johns Hopkins Hospital, The",2020-12-31,2.925393806
"Johns Hopkins Hospital, The",2021-01-01,2.996637942
"Johns Hopkins Hospital, The",2021-01-02,3.033904105
"Johns Hopkins Hospital, The",2021-01-03,3.075554522
"Johns Hopkins Hospital, The",2021-01-04,2.979100924
"Johns Hopkins Hospital, The",2021-01-05,2.97800486
"Johns Hopkins Hospital, The",2021-01-06,3.059113568
"Johns Hopkins Hospital, The",2021-01-07,3.039384423
"Johns Hopkins Hospital, The",2021-01-08,3.101860049
"Johns Hopkins Hospital, The",2021-01-09,3.111724622
Medstar Franklin Square Medical Center,2020-12-15,10.44620148
Medstar Franklin Square Medical Center,2020-12-16,10.84014146
Medstar Franklin Square Medical Center,2020-12-17,10.81297318
Medstar Franklin Square Medical Center,2020-12-18,11.14352052
Medstar Franklin Square Medical Center,2020-12-19,11.30200212
Medstar Franklin Square Medical Center,2020-12-20,11.57821291
Medstar Franklin Square Medical Center,2020-12-21,11.2703058
Medstar Franklin Square Medical Center,2020-12-22,11.22955339
Medstar Franklin Square Medical Center,2020-12-23,11.59632509
Medstar Franklin Square Medical Center,2020-12-24,11.62349336
Medstar Franklin Square Medical Center,2020-12-25,11.8453676
Medstar Franklin Square Medical Center,2020-12-26,12.05818575
Medstar Franklin Square Medical Center,2020-12-27,12.30722827
Medstar Franklin Square Medical Center,2020-12-28,11.94951266
Medstar Franklin Square Medical Center,2020-12-29,11.78197496
Medstar Franklin Square Medical Center,2020-12-30,12.15780276
Medstar Franklin Square Medical Center,2020-12-31,12.08535403
Medstar Franklin Square Medical Center,2021-01-01,12.379677
Medstar Franklin Square Medical Center,2021-01-02,12.53363055
Medstar Franklin Square Medical Center,2021-01-03,12.70569629
Medstar Franklin Square Medical Center,2021-01-04,12.30722827
Medstar Franklin Square Medical Center,2021-01-05,12.30270022
Medstar Franklin Square Medical Center,2021-01-06,12.63777561
Medstar Franklin Square Medical Center,2021-01-07,12.55627078
Medstar Franklin Square Medical Center,2021-01-08,12.81436939
Medstar Franklin Square Medical Center,2021-01-09,12.8551218
Medstar Good Samaritan Hospital,2020-12-15,1.860835395
Medstar Good Samaritan Hospital,2020-12-16,1.931009942
Medstar Good Samaritan Hospital,2020-12-17,1.926170318
Medstar Good Samaritan Hospital,2020-12-18,1.985052409
Medstar Good Samaritan Hospital,2020-12-19,2.013283548
Medstar Good Samaritan Hospital,2020-12-20,2.062486391
Medstar Good Samaritan Hospital,2020-12-21,2.00763732
Medstar Good Samaritan Hospital,2020-12-22,2.000377885
Medstar Good Samaritan Hospital,2020-12-23,2.065712807
Medstar Good Samaritan Hospital,2020-12-24,2.070552431
Medstar Good Samaritan Hospital,2020-12-25,2.110076027
Medstar Good Samaritan Hospital,2020-12-26,2.147986414
Medstar Good Samaritan Hospital,2020-12-27,2.192349633
Medstar Good Samaritan Hospital,2020-12-28,2.128627918
Medstar Good Samaritan Hospital,2020-12-29,2.098783571
Medstar Good Samaritan Hospital,2020-12-30,2.165731702
Medstar Good Samaritan Hospital,2020-12-31,2.152826038
Medstar Good Samaritan Hospital,2021-01-01,2.205255297
Medstar Good Samaritan Hospital,2021-01-02,2.232679832
Medstar Good Samaritan Hospital,2021-01-03,2.263330784
Medstar Good Samaritan Hospital,2021-01-04,2.192349633
Medstar Good Samaritan Hospital,2021-01-05,2.191543029
Medstar Good Samaritan Hospital,2021-01-06,2.251231724
Medstar Good Samaritan Hospital,2021-01-07,2.236712852
Medstar Good Samaritan Hospital,2021-01-08,2.282689279
Medstar Good Samaritan Hospital,2021-01-09,2.289948715
Medstar Harbor Hospital,2020-12-15,1.262273463
Medstar Harbor Hospital,2020-12-16,1.309875453
Medstar Harbor Hospital,2020-12-17,1.306592557
Medstar Harbor Hospital,2020-12-18,1.346534457
Medstar Harbor Hospital,2020-12-19,1.365684683
Medstar Harbor Hospital,2020-12-20,1.399060791
Medstar Harbor Hospital,2020-12-21,1.361854637
Medstar Harbor Hospital,2020-12-22,1.356930294
Medstar Harbor Hospital,2020-12-23,1.401249388
Medstar Harbor Hospital,2020-12-24,1.404532284
Medstar Harbor Hospital,2020-12-25,1.4313426
Medstar Harbor Hospital,2020-12-26,1.457058618
Medstar Harbor Hospital,2020-12-27,1.48715183
Medstar Harbor Hospital,2020-12-28,1.443927034
Medstar Harbor Hospital,2020-12-29,1.42368251
Medstar Harbor Hospital,2020-12-30,1.469095903
Medstar Harbor Hospital,2020-12-31,1.460341514
Medstar Harbor Hospital,2021-01-01,1.495906219
Medstar Harbor Hospital,2021-01-02,1.514509295
Medstar Harbor Hospital,2021-01-03,1.535300969
Medstar Harbor Hospital,2021-01-04,1.48715183
Medstar Harbor Hospital,2021-01-05,1.486604681
Medstar Harbor Hospital,2021-01-06,1.52709373
Medstar Harbor Hospital,2021-01-07,1.517245042
Medstar Harbor Hospital,2021-01-08,1.548432553
Medstar Harbor Hospital,2021-01-09,1.553356897
Medstar Montgomery Medical Center,2020-12-15,5.194406379
Medstar Montgomery Medical Center,2020-12-16,5.390294266
Medstar Montgomery Medical Center,2020-12-17,5.376784757
Medstar Montgomery Medical Center,2020-12-18,5.541150455
Medstar Montgomery Medical Center,2020-12-19,5.619955926
Medstar Montgomery Medical Center,2020-12-20,5.757302606
Medstar Montgomery Medical Center,2020-12-21,5.604194832
Medstar Montgomery Medical Center,2020-12-22,5.583930568
Medstar Montgomery Medical Center,2020-12-23,5.766308945
Medstar Montgomery Medical Center,2020-12-24,5.779818455
Medstar Montgomery Medical Center,2020-12-25,5.890146115
Medstar Montgomery Medical Center,2020-12-26,5.995970606
Medstar Montgomery Medical Center,2020-12-27,6.119807776
Medstar Montgomery Medical Center,2020-12-28,5.941932568
Medstar Montgomery Medical Center,2020-12-29,5.858623927
Medstar Montgomery Medical Center,2020-12-30,6.045505474
Medstar Montgomery Medical Center,2020-12-31,6.009480115
Medstar Montgomery Medical Center,2021-01-01,6.155833134
Medstar Montgomery Medical Center,2021-01-02,6.232387021
Medstar Montgomery Medical Center,2021-01-03,6.317947247
Medstar Montgomery Medical Center,2021-01-04,6.119807776
Medstar Montgomery Medical Center,2021-01-05,6.117556191
Medstar Montgomery Medical Center,2021-01-06,6.284173474
Medstar Montgomery Medical Center,2021-01-07,6.243644946
Medstar Montgomery Medical Center,2021-01-08,6.371985285
Medstar Montgomery Medical Center,2021-01-09,6.392249549
Medstar Saint Mary's Hospital,2020-12-15,3.069982098
Medstar Saint Mary's Hospital,2020-12-16,3.185755155
Medstar Saint Mary's Hospital,2020-12-17,3.177770806
Medstar Saint Mary's Hospital,2020-12-18,3.274913716
Medstar Saint Mary's Hospital,2020-12-19,3.321489084
Medstar Saint Mary's Hospital,2020-12-20,3.402663296
Medstar Saint Mary's Hospital,2020-12-21,3.31217401
Medstar Saint Mary's Hospital,2020-12-22,3.300197487
Medstar Saint Mary's Hospital,2020-12-23,3.407986195
Medstar Saint Mary's Hospital,2020-12-24,3.415970544
Medstar Saint Mary's Hospital,2020-12-25,3.481176059
Medstar Saint Mary's Hospital,2020-12-26,3.543720124
Medstar Saint Mary's Hospital,2020-12-27,3.616909988
Medstar Saint Mary's Hospital,2020-12-28,3.511782729
Medstar Saint Mary's Hospital,2020-12-29,3.462545912
Medstar Saint Mary's Hospital,2020-12-30,3.57299607
Medstar Saint Mary's Hospital,2020-12-31,3.551704473
Medstar Saint Mary's Hospital,2021-01-01,3.638201585
Medstar Saint Mary's Hospital,2021-01-02,3.683446228
Medstar Saint Mary's Hospital,2021-01-03,3.73401377
Medstar Saint Mary's Hospital,2021-01-04,3.616909988
Medstar Saint Mary's Hospital,2021-01-05,3.615579263
Medstar Saint Mary's Hospital,2021-01-06,3.714052898
Medstar Saint Mary's Hospital,2021-01-07,3.690099852
Medstar Saint Mary's Hospital,2021-01-08,3.765951165
Medstar Saint Mary's Hospital,2021-01-09,3.777927688
Medstar Southern Maryland Hospital Center,2020-12-15,5.082469934
Medstar Southern Maryland Hospital Center,2020-12-16,5.27413655
Medstar Southern Maryland Hospital Center,2020-12-17,5.260918163
Medstar Southern Maryland Hospital Center,2020-12-18,5.421741876
Medstar Southern Maryland Hospital Center,2020-12-19,5.498849135
Medstar Southern Maryland Hospital Center,2020-12-20,5.633236073
Medstar Southern Maryland Hospital Center,2020-12-21,5.483427683
Medstar Southern Maryland Hospital Center,2020-12-22,5.463600102
Medstar Southern Maryland Hospital Center,2020-12-23,5.642048332
Medstar Southern Maryland Hospital Center,2020-12-24,5.655266719
Medstar Southern Maryland Hospital Center,2020-12-25,5.763216882
Medstar Southern Maryland Hospital Center,2020-12-26,5.866760916
Medstar Southern Maryland Hospital Center,2020-12-27,5.987929467
Medstar Southern Maryland Hospital Center,2020-12-28,5.813887367
Medstar Southern Maryland Hospital Center,2020-12-29,5.732373978
Medstar Southern Maryland Hospital Center,2020-12-30,5.915228337
Medstar Southern Maryland Hospital Center,2020-12-31,5.879979304
Medstar Southern Maryland Hospital Center,2021-01-01,6.0231785
Medstar Southern Maryland Hospital Center,2021-01-02,6.098082695
Medstar Southern Maryland Hospital Center,2021-01-03,6.181799148
Medstar Southern Maryland Hospital Center,2021-01-04,5.987929467
Medstar Southern Maryland Hospital Center,2021-01-05,5.985726403
Medstar Southern Maryland Hospital Center,2021-01-06,6.14875318
Medstar Southern Maryland Hospital Center,2021-01-07,6.109098018
Medstar Southern Maryland Hospital Center,2021-01-08,6.234672698
Medstar Southern Maryland Hospital Center,2021-01-09,6.254500279
Medstar Union Memorial Hospital,2020-12-15,1.828260596
Medstar Union Memorial Hospital,2020-12-16,1.897206704
Medstar Union Memorial Hospital,2020-12-17,1.8924518
Medstar Union Memorial Hospital,2020-12-18,1.950303132
Medstar Union Memorial Hospital,2020-12-19,1.978040073
Medstar Union Memorial Hospital,2020-12-20,2.026381597
Medstar Union Memorial Hospital,2020-12-21,1.972492685
Medstar Union Memorial Hospital,2020-12-22,1.965360329
Medstar Union Memorial Hospital,2020-12-23,2.029551533
Medstar Union Memorial Hospital,2020-12-24,2.034306437
Medstar Union Memorial Hospital,2020-12-25,2.073138153
Medstar Union Memorial Hospital,2020-12-26,2.110384901
Medstar Union Memorial Hospital,2020-12-27,2.153971521
Medstar Union Memorial Hospital,2020-12-28,2.091365285
Medstar Union Memorial Hospital,2020-12-29,2.062043377
Medstar Union Memorial Hospital,2020-12-30,2.127819549
Medstar Union Memorial Hospital,2020-12-31,2.115139805
Medstar Union Memorial Hospital,2021-01-01,2.166651265
Medstar Union Memorial Hospital,2021-01-02,2.193595722
Medstar Union Memorial Hospital,2021-01-03,2.223710114
Medstar Union Memorial Hospital,2021-01-04,2.153971521
Medstar Union Memorial Hospital,2021-01-05,2.153179037
Medstar Union Memorial Hospital,2021-01-06,2.211822854
Medstar Union Memorial Hospital,2021-01-07,2.197558142
Medstar Union Memorial Hospital,2021-01-08,2.24272973
Medstar Union Memorial Hospital,2021-01-09,2.249862086
Mercy Medical Center Inc,2020-12-15,0.708501879
Mercy Medical Center Inc,2020-12-16,0.735220415
Mercy Medical Center Inc,2020-12-17,0.733377758
Mercy Medical Center Inc,2020-12-18,0.75579676
Mercy Medical Center Inc,2020-12-19,0.766545596
Mercy Medical Center Inc,2020-12-20,0.785279283
Mercy Medical Center Inc,2020-12-21,0.764395829
Mercy Medical Center Inc,2020-12-22,0.761631842
Mercy Medical Center Inc,2020-12-23,0.786507721
Mercy Medical Center Inc,2020-12-24,0.788350379
Mercy Medical Center Inc,2020-12-25,0.80339875
Mercy Medical Center Inc,2020-12-26,0.817832902
Mercy Medical Center Inc,2020-12-27,0.83472393
Mercy Medical Center Inc,2020-12-28,0.810462271
Mercy Medical Center Inc,2020-12-29,0.799099215
Mercy Medical Center Inc,2020-12-30,0.824589313
Mercy Medical Center Inc,2020-12-31,0.819675559
Mercy Medical Center Inc,2021-01-01,0.839637684
Mercy Medical Center Inc,2021-01-02,0.850079411
Mercy Medical Center Inc,2021-01-03,0.861749576
Mercy Medical Center Inc,2021-01-04,0.83472393
Mercy Medical Center Inc,2021-01-05,0.834416821
Mercy Medical Center Inc,2021-01-06,0.857142932
Mercy Medical Center Inc,2021-01-07,0.851614959
Mercy Medical Center Inc,2021-01-08,0.869120207
Mercy Medical Center Inc,2021-01-09,0.871884194
Meritus Medical Center,2020-12-15,7.841349655
Meritus Medical Center,2020-12-16,8.137057249
Meritus Medical Center,2020-12-17,8.116663622
Meritus Medical Center,2020-12-18,8.364786086
Meritus Medical Center,2020-12-19,8.483748911
Meritus Medical Center,2020-12-20,8.691084121
Meritus Medical Center,2020-12-21,8.459956346
Meritus Medical Center,2020-12-22,8.429365906
Meritus Medical Center,2020-12-23,8.704679873
Meritus Medical Center,2020-12-24,8.7250735
Meritus Medical Center,2020-12-25,8.891621455
Meritus Medical Center,2020-12-26,9.051371535
Meritus Medical Center,2020-12-27,9.238313118
Meritus Medical Center,2020-12-28,8.969797026
Meritus Medical Center,2020-12-29,8.844036325
Meritus Medical Center,2020-12-30,9.126148168
Meritus Medical Center,2020-12-31,9.071765162
Meritus Medical Center,2021-01-01,9.292696123
Meritus Medical Center,2021-01-02,9.408260011
Meritus Medical Center,2021-01-03,9.53741965
Meritus Medical Center,2021-01-04,9.238313118
Meritus Medical Center,2021-01-05,9.23491418
Meritus Medical Center,2021-01-06,9.486435582
Meritus Medical Center,2021-01-07,9.4252547
Meritus Medical Center,2021-01-08,9.618994158
Meritus Medical Center,2021-01-09,9.649584599
Northwest Hospital Center,2020-12-15,4.937308434
Northwest Hospital Center,2020-12-16,5.12350082
Northwest Hospital Center,2020-12-17,5.110659966
Northwest Hospital Center,2020-12-18,5.266890358
Northwest Hospital Center,2020-12-19,5.341795341
Northwest Hospital Center,2020-12-20,5.472344025
Northwest Hospital Center,2020-12-21,5.326814344
Northwest Hospital Center,2020-12-22,5.307553063
Northwest Hospital Center,2020-12-23,5.480904595
Northwest Hospital Center,2020-12-24,5.493745449
Northwest Hospital Center,2020-12-25,5.598612425
Northwest Hospital Center,2020-12-26,5.699199116
Northwest Hospital Center,2020-12-27,5.816906946
Northwest Hospital Center,2020-12-28,5.647835699
Northwest Hospital Center,2020-12-29,5.568650432
Northwest Hospital Center,2020-12-30,5.746282248
Northwest Hospital Center,2020-12-31,5.71203997
Northwest Hospital Center,2021-01-01,5.851149224
Northwest Hospital Center,2021-01-02,5.923914064
Northwest Hospital Center,2021-01-03,6.005239474
Northwest Hospital Center,2021-01-04,5.816906946
Northwest Hospital Center,2021-01-05,5.814766803
Northwest Hospital Center,2021-01-06,5.973137338
Northwest Hospital Center,2021-01-07,5.934614776
Northwest Hospital Center,2021-01-08,6.056602891
Northwest Hospital Center,2021-01-09,6.075864172
Saint Agnes Hospital,2020-12-15,1.571734054
Saint Agnes Hospital,2020-12-16,1.631006209
Saint Agnes Hospital,2020-12-17,1.626918474
Saint Agnes Hospital,2020-12-18,1.676652582
Saint Agnes Hospital,2020-12-19,1.700497702
Saint Agnes Hospital,2020-12-20,1.742056339
Saint Agnes Hospital,2020-12-21,1.695728678
Saint Agnes Hospital,2020-12-22,1.689597075
Saint Agnes Hospital,2020-12-23,1.744781496
Saint Agnes Hospital,2020-12-24,1.748869231
Saint Agnes Hospital,2020-12-25,1.782252399
Saint Agnes Hospital,2020-12-26,1.814272989
Saint Agnes Hospital,2020-12-27,1.851743891
Saint Agnes Hospital,2020-12-28,1.797922049
Saint Agnes Hospital,2020-12-29,1.772714351
Saint Agnes Hospital,2020-12-30,1.82926135
Saint Agnes Hospital,2020-12-31,1.818360723
Saint Agnes Hospital,2021-01-01,1.862644518
Saint Agnes Hospital,2021-01-02,1.885808349
Saint Agnes Hospital,2021-01-03,1.911697336
Saint Agnes Hospital,2021-01-04,1.851743891
Saint Agnes Hospital,2021-01-05,1.851062602
Saint Agnes Hospital,2021-01-06,1.901477999
Saint Agnes Hospital,2021-01-07,1.889214794
Saint Agnes Hospital,2021-01-08,1.928048275
Saint Agnes Hospital,2021-01-09,1.934179878
Sinai Hospital Of Baltimore,2020-12-15,2.956163013
Sinai Hospital Of Baltimore,2020-12-16,3.067643802
Sinai Hospital Of Baltimore,2020-12-17,3.059955472
Sinai Hospital Of Baltimore,2020-12-18,3.153496824
Sinai Hospital Of Baltimore,2020-12-19,3.198345418
Sinai Hospital Of Baltimore,2020-12-20,3.27651011
Sinai Hospital Of Baltimore,2020-12-21,3.189375699
Sinai Hospital Of Baltimore,2020-12-22,3.177843204
Sinai Hospital Of Baltimore,2020-12-23,3.281635663
Sinai Hospital Of Baltimore,2020-12-24,3.289323994
Sinai Hospital Of Baltimore,2020-12-25,3.352112025
Sinai Hospital Of Baltimore,2020-12-26,3.412337279
Sinai Hospital Of Baltimore,2020-12-27,3.48281364
Sinai Hospital Of Baltimore,2020-12-28,3.381583958
Sinai Hospital Of Baltimore,2020-12-29,3.334172587
Sinai Hospital Of Baltimore,2020-12-30,3.440527823
Sinai Hospital Of Baltimore,2020-12-31,3.420025609
Sinai Hospital Of Baltimore,2021-01-01,3.503315855
Sinai Hospital Of Baltimore,2021-01-02,3.54688306
Sinai Hospital Of Baltimore,2021-01-03,3.595575819
Sinai Hospital Of Baltimore,2021-01-04,3.48281364
Sinai Hospital Of Baltimore,2021-01-05,3.481532252
Sinai Hospital Of Baltimore,2021-01-06,3.576354993
Sinai Hospital Of Baltimore,2021-01-07,3.553290002
Sinai Hospital Of Baltimore,2021-01-08,3.62632914
Sinai Hospital Of Baltimore,2021-01-09,3.637861635
Suburban Hospital,2020-12-15,4.541633385
Suburban Hospital,2020-12-16,4.712904345
Suburban Hospital,2020-12-17,4.701092555
Suburban Hospital,2020-12-18,4.84480267
Suburban Hospital,2020-12-19,4.913704781
Suburban Hospital,2020-12-20,5.033791316
Suburban Hospital,2020-12-21,4.899924359
Suburban Hospital,2020-12-22,4.882206673
Suburban Hospital,2020-12-23,5.041665843
Suburban Hospital,2020-12-24,5.053477633
Suburban Hospital,2020-12-25,5.149940587
Suburban Hospital,2020-12-26,5.242466278
Suburban Hospital,2020-12-27,5.350741023
Suburban Hospital,2020-12-28,5.195219117
Suburban Hospital,2020-12-29,5.122379743
Suburban Hospital,2020-12-30,5.285776176
Suburban Hospital,2020-12-31,5.254278069
Suburban Hospital,2021-01-01,5.382239131
Suburban Hospital,2021-01-02,5.449172609
Suburban Hospital,2021-01-03,5.523980615
Suburban Hospital,2021-01-04,5.350741023
Suburban Hospital,2021-01-05,5.348772391
Suburban Hospital,2021-01-06,5.494451139
Suburban Hospital,2021-01-07,5.459015768
Suburban Hospital,2021-01-08,5.571227776
Suburban Hospital,2021-01-09,5.588945462
"Tidalhealth Peninsula Regional, Inc",2020-12-15,2.751004281
"Tidalhealth Peninsula Regional, Inc",2020-12-16,2.854748265
"Tidalhealth Peninsula Regional, Inc",2020-12-17,2.847593508
"Tidalhealth Peninsula Regional, Inc",2020-12-18,2.934643058
"Tidalhealth Peninsula Regional, Inc",2020-12-19,2.976379144
"Tidalhealth Peninsula Regional, Inc",2020-12-20,3.049119179
"Tidalhealth Peninsula Regional, Inc",2020-12-21,2.968031927
"Tidalhealth Peninsula Regional, Inc",2020-12-22,2.95729979
"Tidalhealth Peninsula Regional, Inc",2020-12-23,3.053889017
"Tidalhealth Peninsula Regional, Inc",2020-12-24,3.061043775
"Tidalhealth Peninsula Regional, Inc",2020-12-25,3.119474295
"Tidalhealth Peninsula Regional, Inc",2020-12-26,3.175519896
"Tidalhealth Peninsula Regional, Inc",2020-12-27,3.241105173
"Tidalhealth Peninsula Regional, Inc",2020-12-28,3.146900866
"Tidalhealth Peninsula Regional, Inc",2020-12-29,3.102779861
"Tidalhealth Peninsula Regional, Inc",2020-12-30,3.201754007
"Tidalhealth Peninsula Regional, Inc",2020-12-31,3.182674653
"Tidalhealth Peninsula Regional, Inc",2021-01-01,3.260184527
"Tidalhealth Peninsula Regional, Inc",2021-01-02,3.300728153
"Tidalhealth Peninsula Regional, Inc",2021-01-03,3.346041618
"Tidalhealth Peninsula Regional, Inc",2021-01-04,3.241105173
"Tidalhealth Peninsula Regional, Inc",2021-01-05,3.239912714
"Tidalhealth Peninsula Regional, Inc",2021-01-06,3.328154724
"Tidalhealth Peninsula Regional, Inc",2021-01-07,3.306690451
"Tidalhealth Peninsula Regional, Inc",2021-01-08,3.374660648
"Tidalhealth Peninsula Regional, Inc",2021-01-09,3.385392784
U P M C Western Maryland,2020-12-15,5.575955822
U P M C Western Maryland,2020-12-16,5.78623244
U P M C Western Maryland,2020-12-17,5.771730604
U P M C Western Maryland,2020-12-18,5.948169605
U P M C Western Maryland,2020-12-19,6.032763647
U P M C Western Maryland,2020-12-20,6.180198976
U P M C Western Maryland,2020-12-21,6.015844838
U P M C Western Maryland,2020-12-22,5.994092085
U P M C Western Maryland,2020-12-23,6.189866867
U P M C Western Maryland,2020-12-24,6.204368702
U P M C Western Maryland,2020-12-25,6.32280036
U P M C Western Maryland,2020-12-26,6.436398073
U P M C Western Maryland,2020-12-27,6.569331567
U P M C Western Maryland,2020-12-28,6.378390731
U P M C Western Maryland,2020-12-29,6.288962744
U P M C Western Maryland,2020-12-30,6.489571471
U P M C Western Maryland,2020-12-31,6.450899909
U P M C Western Maryland,2021-01-01,6.608003129
U P M C Western Maryland,2021-01-02,6.690180198
U P M C Western Maryland,2021-01-03,6.782025157
U P M C Western Maryland,2021-01-04,6.569331567
U P M C Western Maryland,2021-01-05,6.566914595
U P M C Western Maryland,2021-01-06,6.745770568
U P M C Western Maryland,2021-01-07,6.702265061
U P M C Western Maryland,2021-01-08,6.8400325
U P M C Western Maryland,2021-01-09,6.861785254
UMD Baltimore Washington  Medical Center,2020-12-15,10.36019846
UMD Baltimore Washington  Medical Center,2020-12-16,10.75089515
UMD Baltimore Washington  Medical Center,2020-12-17,10.72395055
UMD Baltimore Washington  Medical Center,2020-12-18,11.05177651
UMD Baltimore Washington  Medical Center,2020-12-19,11.20895334
UMD Baltimore Washington  Medical Center,2020-12-20,11.4828901
UMD Baltimore Washington  Medical Center,2020-12-21,11.17751797
UMD Baltimore Washington  Medical Center,2020-12-22,11.13710107
UMD Baltimore Washington  Medical Center,2020-12-23,11.50085316
UMD Baltimore Washington  Medical Center,2020-12-24,11.52779776
UMD Baltimore Washington  Medical Center,2020-12-25,11.74784532
UMD Baltimore Washington  Medical Center,2020-12-26,11.95891135
UMD Baltimore Washington  Medical Center,2020-12-27,12.20590351
UMD Baltimore Washington  Medical Center,2020-12-28,11.85113295
UMD Baltimore Washington  Medical Center,2020-12-29,11.68497459
UMD Baltimore Washington  Medical Center,2020-12-30,12.05770822
UMD Baltimore Washington  Medical Center,2020-12-31,11.98585595
UMD Baltimore Washington  Medical Center,2021-01-01,12.27775578
UMD Baltimore Washington  Medical Center,2021-01-02,12.43044184
UMD Baltimore Washington  Medical Center,2021-01-03,12.60109097
UMD Baltimore Washington  Medical Center,2021-01-04,12.20590351
UMD Baltimore Washington  Medical Center,2021-01-05,12.20141275
UMD Baltimore Washington  Medical Center,2021-01-06,12.53372947
UMD Baltimore Washington  Medical Center,2021-01-07,12.45289567
UMD Baltimore Washington  Medical Center,2021-01-08,12.70886937
UMD Baltimore Washington  Medical Center,2021-01-09,12.74928627
UMD Charles Regional  Medical Center,2020-12-15,4.394105297
UMD Charles Regional  Medical Center,2020-12-16,4.559812779
UMD Charles Regional  Medical Center,2020-12-17,4.548384677
UMD Charles Regional  Medical Center,2020-12-18,4.687426587
UMD Charles Regional  Medical Center,2020-12-19,4.754090517
UMD Charles Regional  Medical Center,2020-12-20,4.870276222
UMD Charles Regional  Medical Center,2020-12-21,4.740757731
UMD Charles Regional  Medical Center,2020-12-22,4.723615577
UMD Charles Regional  Medical Center,2020-12-23,4.877894957
UMD Charles Regional  Medical Center,2020-12-24,4.889323059
UMD Charles Regional  Medical Center,2020-12-25,4.982652561
UMD Charles Regional  Medical Center,2020-12-26,5.072172695
UMD Charles Regional  Medical Center,2020-12-27,5.176930298
UMD Charles Regional  Medical Center,2020-12-28,5.026460286
UMD Charles Regional  Medical Center,2020-12-29,4.955986989
UMD Charles Regional  Medical Center,2020-12-30,5.114075736
UMD Charles Regional  Medical Center,2020-12-31,5.083600797
UMD Charles Regional  Medical Center,2021-01-01,5.207405237
UMD Charles Regional  Medical Center,2021-01-02,5.272164483
UMD Charles Regional  Medical Center,2021-01-03,5.344542464
UMD Charles Regional  Medical Center,2021-01-04,5.176930298
UMD Charles Regional  Medical Center,2021-01-05,5.175025614
UMD Charles Regional  Medical Center,2021-01-06,5.315972208
UMD Charles Regional  Medical Center,2021-01-07,5.281687902
UMD Charles Regional  Medical Center,2021-01-08,5.390254873
UMD Charles Regional  Medical Center,2021-01-09,5.407397026
UMD Prince George's Hospital Ctr,2020-12-15,9.259693077
UMD Prince George's Hospital Ctr,2020-12-16,9.608888265
UMD Prince George's Hospital Ctr,2020-12-17,9.584805838
UMD Prince George's Hospital Ctr,2020-12-18,9.877808697
UMD Prince George's Hospital Ctr,2020-12-19,10.01828952
UMD Prince George's Hospital Ctr,2020-12-20,10.26312752
UMD Prince George's Hospital Ctr,2020-12-21,9.990193355
UMD Prince George's Hospital Ctr,2020-12-22,9.954069714
UMD Prince George's Hospital Ctr,2020-12-23,10.27918248
UMD Prince George's Hospital Ctr,2020-12-24,10.3032649
UMD Prince George's Hospital Ctr,2020-12-25,10.49993805
UMD Prince George's Hospital Ctr,2020-12-26,10.68858373
UMD Prince George's Hospital Ctr,2020-12-27,10.90933931
UMD Prince George's Hospital Ctr,2020-12-28,10.59225402
UMD Prince George's Hospital Ctr,2020-12-29,10.44374572
UMD Prince George's Hospital Ctr,2020-12-30,10.77688596
UMD Prince George's Hospital Ctr,2020-12-31,10.71266616
UMD Prince George's Hospital Ctr,2021-01-01,10.97355911
UMD Prince George's Hospital Ctr,2021-01-02,11.1100262
UMD Prince George's Hospital Ctr,2021-01-03,11.26254823
UMD Prince George's Hospital Ctr,2021-01-04,10.90933931
UMD Prince George's Hospital Ctr,2021-01-05,10.90532557
UMD Prince George's Hospital Ctr,2021-01-06,11.20234217
UMD Prince George's Hospital Ctr,2021-01-07,11.13009489
UMD Prince George's Hospital Ctr,2021-01-08,11.35887794
UMD Prince George's Hospital Ctr,2021-01-09,11.39500158
UMD Shore Medical Center At Easton,2020-12-15,0.832076636
UMD Shore Medical Center At Easton,2020-12-16,0.863455339
UMD Shore Medical Center At Easton,2020-12-17,0.86129129
UMD Shore Medical Center At Easton,2020-12-18,0.887620547
UMD Shore Medical Center At Easton,2020-12-19,0.900244163
UMD Shore Medical Center At Easton,2020-12-20,0.922245322
UMD Shore Medical Center At Easton,2020-12-21,0.897719439
UMD Shore Medical Center At Easton,2020-12-22,0.894473367
UMD Shore Medical Center At Easton,2020-12-23,0.923688021
UMD Shore Medical Center At Easton,2020-12-24,0.92585207
UMD Shore Medical Center At Easton,2020-12-25,0.943525132
UMD Shore Medical Center At Easton,2020-12-26,0.960476845
UMD Shore Medical Center At Easton,2020-12-27,0.980313956
UMD Shore Medical Center At Easton,2020-12-28,0.951820651
UMD Shore Medical Center At Easton,2020-12-29,0.938475686
UMD Shore Medical Center At Easton,2020-12-30,0.968411689
UMD Shore Medical Center At Easton,2020-12-31,0.962640893
UMD Shore Medical Center At Easton,2021-01-01,0.986084752
UMD Shore Medical Center At Easton,2021-01-02,0.998347693
UMD Shore Medical Center At Easton,2021-01-03,1.012053334
UMD Shore Medical Center At Easton,2021-01-04,0.980313956
UMD Shore Medical Center At Easton,2021-01-05,0.979953281
UMD Shore Medical Center At Easton,2021-01-06,1.006643212
UMD Shore Medical Center At Easton,2021-01-07,1.000151067
UMD Shore Medical Center At Easton,2021-01-08,1.020709527
UMD Shore Medical Center At Easton,2021-01-09,1.0239556
UMD Shore Medical Ctr At Chestertown,2020-12-15,0.570307864
UMD Shore Medical Ctr At Chestertown,2020-12-16,0.591814923
UMD Shore Medical Ctr At Chestertown,2020-12-17,0.590331677
UMD Shore Medical Ctr At Chestertown,2020-12-18,0.60837783
UMD Shore Medical Ctr At Chestertown,2020-12-19,0.617030095
UMD Shore Medical Ctr At Chestertown,2020-12-20,0.632109757
UMD Shore Medical Ctr At Chestertown,2020-12-21,0.615299642
UMD Shore Medical Ctr At Chestertown,2020-12-22,0.613074774
UMD Shore Medical Ctr At Chestertown,2020-12-23,0.633098587
UMD Shore Medical Ctr At Chestertown,2020-12-24,0.634581832
UMD Shore Medical Ctr At Chestertown,2020-12-25,0.646695003
UMD Shore Medical Ctr At Chestertown,2020-12-26,0.658313759
UMD Shore Medical Ctr At Chestertown,2020-12-27,0.671910175
UMD Shore Medical Ctr At Chestertown,2020-12-28,0.652380777
UMD Shore Medical Ctr At Chestertown,2020-12-29,0.643234097
UMD Shore Medical Ctr At Chestertown,2020-12-30,0.663752326
UMD Shore Medical Ctr At Chestertown,2020-12-31,0.659797005
UMD Shore Medical Ctr At Chestertown,2021-01-01,0.675865497
UMD Shore Medical Ctr At Chestertown,2021-01-02,0.684270554
UMD Shore Medical Ctr At Chestertown,2021-01-03,0.693664442
UMD Shore Medical Ctr At Chestertown,2021-01-04,0.671910175
UMD Shore Medical Ctr At Chestertown,2021-01-05,0.671662968
UMD Shore Medical Ctr At Chestertown,2021-01-06,0.689956328
UMD Shore Medical Ctr At Chestertown,2021-01-07,0.685506592
UMD Shore Medical Ctr At Chestertown,2021-01-08,0.699597423
UMD Shore Medical Ctr At Chestertown,2021-01-09,0.701822291
UMD Upper Chesapeake Medical Center,2020-12-15,4.682163997
UMD Upper Chesapeake Medical Center,2020-12-16,4.85873455
UMD Upper Chesapeake Medical Center,2020-12-17,4.846557271
UMD Upper Chesapeake Medical Center,2020-12-18,4.994714172
UMD Upper Chesapeake Medical Center,2020-12-19,5.065748303
UMD Upper Chesapeake Medical Center,2020-12-20,5.189550645
UMD Upper Chesapeake Medical Center,2020-12-21,5.051541477
UMD Upper Chesapeake Medical Center,2020-12-22,5.033275558
UMD Upper Chesapeake Medical Center,2020-12-23,5.197668832
UMD Upper Chesapeake Medical Center,2020-12-24,5.209846111
UMD Upper Chesapeake Medical Center,2020-12-25,5.309293895
UMD Upper Chesapeake Medical Center,2020-12-26,5.404682585
UMD Upper Chesapeake Medical Center,2020-12-27,5.516307647
UMD Upper Chesapeake Medical Center,2020-12-28,5.355973466
UMD Upper Chesapeake Medical Center,2020-12-29,5.280880242
UMD Upper Chesapeake Medical Center,2020-12-30,5.44933261
UMD Upper Chesapeake Medical Center,2020-12-31,5.416859864
UMD Upper Chesapeake Medical Center,2021-01-01,5.548780393
UMD Upper Chesapeake Medical Center,2021-01-02,5.617784977
UMD Upper Chesapeake Medical Center,2021-01-03,5.694907748
UMD Upper Chesapeake Medical Center,2021-01-04,5.516307647
UMD Upper Chesapeake Medical Center,2021-01-05,5.514278101
UMD Upper Chesapeake Medical Center,2021-01-06,5.664464549
UMD Upper Chesapeake Medical Center,2021-01-07,5.62793271
UMD Upper Chesapeake Medical Center,2021-01-08,5.743616866
UMD Upper Chesapeake Medical Center,2021-01-09,5.761882785
Union Hospital Of Cecil County,2020-12-15,4.421049163
Union Hospital Of Cecil County,2020-12-16,4.587772733
Union Hospital Of Cecil County,2020-12-17,4.576274556
Union Hospital Of Cecil County,2020-12-18,4.716169046
Union Hospital Of Cecil County,2020-12-19,4.783241747
Union Hospital Of Cecil County,2020-12-20,4.900139883
Union Hospital Of Cecil County,2020-12-21,4.769827207
Union Hospital Of Cecil County,2020-12-22,4.752579941
Union Hospital Of Cecil County,2020-12-23,4.907805334
Union Hospital Of Cecil County,2020-12-24,4.919303511
Union Hospital Of Cecil County,2020-12-25,5.013205292
Union Hospital Of Cecil County,2020-12-26,5.103274348
Union Hospital Of Cecil County,2020-12-27,5.208674306
Union Hospital Of Cecil County,2020-12-28,5.057281639
Union Hospital Of Cecil County,2020-12-29,4.986376212
Union Hospital Of Cecil County,2020-12-30,5.145434331
Union Hospital Of Cecil County,2020-12-31,5.114772525
Union Hospital Of Cecil County,2021-01-01,5.239336112
Union Hospital Of Cecil County,2021-01-02,5.30449245
Union Hospital Of Cecil County,2021-01-03,5.37731424
Union Hospital Of Cecil County,2021-01-04,5.208674306
Union Hospital Of Cecil County,2021-01-05,5.206757943
Union Hospital Of Cecil County,2021-01-06,5.348568796
Union Hospital Of Cecil County,2021-01-07,5.314074265
Union Hospital Of Cecil County,2021-01-08,5.423306949
Union Hospital Of Cecil County,2021-01-09,5.440554215
University Of MD Harford Memorial Hospital,2020-12-15,1.336407133
University Of MD Harford Memorial Hospital,2020-12-16,1.386804801
University Of MD Harford Memorial Hospital,2020-12-17,1.3833291
University Of MD Harford Memorial Hospital,2020-12-18,1.425616798
University Of MD Harford Memorial Hospital,2020-12-19,1.445891722
University Of MD Harford Memorial Hospital,2020-12-20,1.481228018
University Of MD Harford Memorial Hospital,2020-12-21,1.441836737
University Of MD Harford Memorial Hospital,2020-12-22,1.436623185
University Of MD Harford Memorial Hospital,2020-12-23,1.483545152
University Of MD Harford Memorial Hospital,2020-12-24,1.487020854
University Of MD Harford Memorial Hospital,2020-12-25,1.515405747
University Of MD Harford Memorial Hospital,2020-12-26,1.542632074
University Of MD Harford Memorial Hospital,2020-12-27,1.574492669
University Of MD Harford Memorial Hospital,2020-12-28,1.528729269
University Of MD Harford Memorial Hospital,2020-12-29,1.507295778
University Of MD Harford Memorial Hospital,2020-12-30,1.555376312
University Of MD Harford Memorial Hospital,2020-12-31,1.546107775
University Of MD Harford Memorial Hospital,2021-01-01,1.583761205
University Of MD Harford Memorial Hospital,2021-01-02,1.603456846
University Of MD Harford Memorial Hospital,2021-01-03,1.62546962
University Of MD Harford Memorial Hospital,2021-01-04,1.574492669
University Of MD Harford Memorial Hospital,2021-01-05,1.573913385
University Of MD Harford Memorial Hospital,2021-01-06,1.616780367
University Of MD Harford Memorial Hospital,2021-01-07,1.606353263
University Of MD Harford Memorial Hospital,2021-01-08,1.639372425
University Of MD Harford Memorial Hospital,2021-01-09,1.644585977
University Of MD Medical Center Midtown Campus,2020-12-15,0.720717429
University Of MD Medical Center Midtown Campus,2020-12-16,0.74789663
University Of MD Medical Center Midtown Campus,2020-12-17,0.746022202
University Of MD Medical Center Midtown Campus,2020-12-18,0.768827738
University Of MD Medical Center Midtown Campus,2020-12-19,0.779761899
University Of MD Medical Center Midtown Campus,2020-12-20,0.79881858
University Of MD Medical Center Midtown Campus,2020-12-21,0.777575067
University Of MD Medical Center Midtown Campus,2020-12-22,0.774763426
University Of MD Medical Center Midtown Campus,2020-12-23,0.800068199
University Of MD Medical Center Midtown Campus,2020-12-24,0.801942627
University Of MD Medical Center Midtown Campus,2020-12-25,0.817250452
University Of MD Medical Center Midtown Campus,2020-12-26,0.831933469
University Of MD Medical Center Midtown Campus,2020-12-27,0.849115722
University Of MD Medical Center Midtown Campus,2020-12-28,0.824435758
University Of MD Medical Center Midtown Campus,2020-12-29,0.812876788
University Of MD Medical Center Midtown Campus,2020-12-30,0.83880637
University Of MD Medical Center Midtown Campus,2020-12-31,0.833807896
University Of MD Medical Center Midtown Campus,2021-01-01,0.854114196
University Of MD Medical Center Midtown Campus,2021-01-02,0.864735953
University Of MD Medical Center Midtown Campus,2021-01-03,0.876607328
University Of MD Medical Center Midtown Campus,2021-01-04,0.849115722
University Of MD Medical Center Midtown Campus,2021-01-05,0.848803318
University Of MD Medical Center Midtown Campus,2021-01-06,0.871921259
University Of MD Medical Center Midtown Campus,2021-01-07,0.866297976
University Of MD Medical Center Midtown Campus,2021-01-08,0.884105038
University Of MD Medical Center Midtown Campus,2021-01-09,0.88691668
University Of MD St Joseph Medical Center,2020-12-15,5.124551668
University Of MD St Joseph Medical Center,2020-12-16,5.317805242
University Of MD St Joseph Medical Center,2020-12-17,5.304477409
University Of MD St Joseph Medical Center,2020-12-18,5.466632707
University Of MD St Joseph Medical Center,2020-12-19,5.544378398
University Of MD St Joseph Medical Center,2020-12-20,5.67987803
University Of MD St Joseph Medical Center,2020-12-21,5.52882926
University Of MD St Joseph Medical Center,2020-12-22,5.508837511
University Of MD St Joseph Medical Center,2020-12-23,5.688763252
University Of MD St Joseph Medical Center,2020-12-24,5.702091085
University Of MD St Joseph Medical Center,2020-12-25,5.810935051
University Of MD St Joseph Medical Center,2020-12-26,5.915336408
University Of MD St Joseph Medical Center,2020-12-27,6.037508207
University Of MD St Joseph Medical Center,2020-12-28,5.862025077
University Of MD St Joseph Medical Center,2020-12-29,5.779836775
University Of MD St Joseph Medical Center,2020-12-30,5.964205127
University Of MD St Joseph Medical Center,2020-12-31,5.92866424
University Of MD St Joseph Medical Center,2021-01-01,6.073049094
University Of MD St Joseph Medical Center,2021-01-02,6.14857348
University Of MD St Joseph Medical Center,2021-01-03,6.232983087
University Of MD St Joseph Medical Center,2021-01-04,6.037508207
University Of MD St Joseph Medical Center,2021-01-05,6.035286902
University Of MD St Joseph Medical Center,2021-01-06,6.199663505
University Of MD St Joseph Medical Center,2021-01-07,6.159680007
University Of MD St Joseph Medical Center,2021-01-08,6.286294417
University Of MD St Joseph Medical Center,2021-01-09,6.306286166
University Of Maryland Medical Center,2020-12-15,2.69963647
University Of Maryland Medical Center,2020-12-16,2.801443307
University Of Maryland Medical Center,2020-12-17,2.794422146
University Of Maryland Medical Center,2020-12-18,2.879846274
University Of Maryland Medical Center,2020-12-19,2.920803047
University Of Maryland Medical Center,2020-12-20,2.992184852
University Of Maryland Medical Center,2020-12-21,2.912611692
University Of Maryland Medical Center,2020-12-22,2.902079951
University Of Maryland Medical Center,2020-12-23,2.996865626
University Of Maryland Medical Center,2020-12-24,3.003886788
University Of Maryland Medical Center,2020-12-25,3.06122627
University Of Maryland Medical Center,2020-12-26,3.116225366
University Of Maryland Medical Center,2020-12-27,3.18058601
University Of Maryland Medical Center,2020-12-28,3.088140722
University Of Maryland Medical Center,2020-12-29,3.044843561
University Of Maryland Medical Center,2020-12-30,3.141969624
University Of Maryland Medical Center,2020-12-31,3.123246527
University Of Maryland Medical Center,2021-01-01,3.199309107
University Of Maryland Medical Center,2021-01-02,3.239095687
University Of Maryland Medical Center,2021-01-03,3.283563041
University Of Maryland Medical Center,2021-01-04,3.18058601
University Of Maryland Medical Center,2021-01-05,3.179415817
University Of Maryland Medical Center,2021-01-06,3.266010138
University Of Maryland Medical Center,2021-01-07,3.244946654
University Of Maryland Medical Center,2021-01-08,3.311647686
University Of Maryland Medical Center,2021-01-09,3.322179427
