hospital_name,collection_week,fips_code,hospitalization_percentage,hospitalization_2020-12-15,target_date
U P M C WESTERN MARYLAND,12/4/20,24001,1,5.575955822,12/15/20
UMD BALTIMORE WASHINGTON  MEDICAL CENTER,12/4/20,24003,0.52165088,10.36019846,12/15/20
ANNE ARUNDEL MEDICAL CENTER,12/4/20,24003,0.47834912,9.500207923,12/15/20
MEDSTAR FRANKLIN SQUARE MEDICAL CENTER,12/4/20,24005,0.407535563,10.44620148,12/15/20
GREATER BALTIMORE MEDICAL CENTER,12/4/20,24005,0.199923106,5.124551668,12/15/20
UNIVERSITY OF MD ST JOSEPH MEDICAL CENTER,12/4/20,24005,0.199923106,5.124551668,12/15/20
NORTHWEST HOSPITAL CENTER,12/4/20,24005,0.192618224,4.937308434,12/15/20
CALVERTHEALTH MEDICAL CENTER,12/4/20,24009,1,1.69769013,12/15/20
CARROLL HOSPITAL CENTER,12/4/20,24013,1,5.377615737,12/15/20
UNION HOSPITAL OF CECIL COUNTY,12/4/20,24015,1,4.421049163,12/15/20
UMD CHARLES REGIONAL  MEDICAL CENTER,12/4/20,24017,1,4.394105297,12/15/20
FREDERICK HEALTH HOSPITAL,12/4/20,24021,1,10.49528845,12/15/20
GARRETT COUNTY MEMORIAL HOSPITAL,12/4/20,24023,1,1.775640664,12/15/20
UNIVERSITY OF MD HARFORD MEMORIAL HOSPITAL,12/4/20,24025,0.222047244,1.336407133,12/15/20
UMD UPPER CHESAPEAKE MEDICAL CENTER,12/4/20,24025,0.777952756,4.682163997,12/15/20
HOWARD COUNTY GENERAL HOSPITAL,12/4/20,24027,1,8.447792064,12/15/20
UMD SHORE MEDICAL CTR AT CHESTERTOWN,12/4/20,24029,1,0.570307864,12/15/20
HOLY CROSS HOSPITAL,12/4/20,24031,0.354497354,12.09713357,12/15/20
MEDSTAR MONTGOMERY MEDICAL CENTER,12/4/20,24031,0.152218152,5.194406379,12/15/20
SUBURBAN HOSPITAL,12/4/20,24031,0.133089133,4.541633385,12/15/20
ADVENTIST HEALTHCARE SHADY GROVE MEDICAL CENTER,12/4/20,24031,0.266992267,9.111044344,12/15/20
HOLY CROSS GERMANTOWN HOSPITAL,12/4/20,24031,0.093203093,3.180532248,12/15/20
UMD PRINCE GEORGE'S HOSPITAL CTR,12/4/20,24033,0.283756684,9.259693077,12/15/20
ADVENTIST HEALTHCARE WHITE OAK MEDICAL CENTER,12/4/20,24033,0.344251337,11.23378548,12/15/20
MEDSTAR SOUTHERN MARYLAND HOSPITAL CENTER,12/4/20,24033,0.155748663,5.082469934,12/15/20
DOCTORS'  COMMUNITY HOSPITAL,12/4/20,24033,0.174131016,5.682332265,12/15/20
ADVENTIST HEALTHCARE FORT WASHINGTON MEDICAL CTR,12/4/20,24033,0.042112299,1.374230068,12/15/20
MEDSTAR SAINT MARY'S HOSPITAL,12/4/20,24037,1,3.069982098,12/15/20
UMD SHORE MEDICAL CENTER AT EASTON,12/4/20,24041,1,0.832076636,12/15/20
MERITUS MEDICAL CENTER,12/4/20,24043,1,7.841349655,12/15/20
"TIDALHEALTH PENINSULA REGIONAL, INC",12/4/20,24045,1,2.751004281,12/15/20
ATLANTIC GENERAL HOSPITAL,12/4/20,24047,1,1.350538331,12/15/20
SAINT AGNES HOSPITAL,12/4/20,24510,0.083931289,1.571734054,12/15/20
UNIVERSITY OF MARYLAND MEDICAL CENTER,12/4/20,24510,0.144161774,2.69963647,12/15/20
SINAI HOSPITAL OF BALTIMORE,12/4/20,24510,0.157860404,2.956163013,12/15/20
"GRACE MEDICAL CENTER, INC",12/4/20,24510,0.004348771,0.081436998,12/15/20
MEDSTAR GOOD SAMARITAN HOSPITAL,12/4/20,24510,0.099369428,1.860835395,12/15/20
JOHNS HOPKINS BAYVIEW MEDICAL CENTER,12/4/20,24510,0.077408132,1.449578557,12/15/20
BALTIMORE CONVENTION CENTER ALTERNATE CARE SITE,12/4/20,24510,0.056534029,1.058680969,12/15/20
MEDSTAR UNION MEMORIAL HOSPITAL,12/4/20,24510,0.09762992,1.828260596,12/15/20
"JOHNS HOPKINS HOSPITAL, THE",12/4/20,24510,0.135029354,2.528618775,12/15/20
MEDSTAR HARBOR HOSPITAL,12/4/20,24510,0.067405958,1.262273463,12/15/20
UNIVERSITY OF MD MEDICAL CENTER MIDTOWN CAMPUS,12/4/20,24510,0.038486628,0.720717429,12/15/20
MERCY MEDICAL CENTER INC,12/4/20,24510,0.037834312,0.708501879,12/15/20
U P M C WESTERN MARYLAND,12/4/20,24001,1,5.78623244,12/16/20
UMD BALTIMORE WASHINGTON  MEDICAL CENTER,12/4/20,24003,0.52165088,10.75089515,12/16/20
ANNE ARUNDEL MEDICAL CENTER,12/4/20,24003,0.47834912,9.858473242,12/16/20
MEDSTAR FRANKLIN SQUARE MEDICAL CENTER,12/4/20,24005,0.407535563,10.84014146,12/16/20
GREATER BALTIMORE MEDICAL CENTER,12/4/20,24005,0.199923106,5.317805242,12/16/20
UNIVERSITY OF MD ST JOSEPH MEDICAL CENTER,12/4/20,24005,0.199923106,5.317805242,12/16/20
NORTHWEST HOSPITAL CENTER,12/4/20,24005,0.192618224,5.12350082,12/16/20
CALVERTHEALTH MEDICAL CENTER,12/4/20,24009,1,1.761712254,12/16/20
CARROLL HOSPITAL CENTER,12/4/20,24013,1,5.58041269,12/16/20
UNION HOSPITAL OF CECIL COUNTY,12/4/20,24015,1,4.587772733,12/16/20
UMD CHARLES REGIONAL  MEDICAL CENTER,12/4/20,24017,1,4.559812779,12/16/20
FREDERICK HEALTH HOSPITAL,12/4/20,24021,1,10.89107957,12/16/20
GARRETT COUNTY MEMORIAL HOSPITAL,12/4/20,24023,1,1.842602406,12/16/20
UNIVERSITY OF MD HARFORD MEMORIAL HOSPITAL,12/4/20,24025,0.222047244,1.386804801,12/16/20
UMD UPPER CHESAPEAKE MEDICAL CENTER,12/4/20,24025,0.777952756,4.85873455,12/16/20
HOWARD COUNTY GENERAL HOSPITAL,12/4/20,24027,1,8.766369398,12/16/20
UMD SHORE MEDICAL CTR AT CHESTERTOWN,12/4/20,24029,1,0.591814923,12/16/20
HOLY CROSS HOSPITAL,12/4/20,24031,0.354497354,12.55333237,12/16/20
MEDSTAR MONTGOMERY MEDICAL CENTER,12/4/20,24031,0.152218152,5.390294266,12/16/20
SUBURBAN HOSPITAL,12/4/20,24031,0.133089133,4.712904345,12/16/20
ADVENTIST HEALTHCARE SHADY GROVE MEDICAL CENTER,12/4/20,24031,0.266992267,9.454633793,12/16/20
HOLY CROSS GERMANTOWN HOSPITAL,12/4/20,24031,0.093203093,3.300474297,12/16/20
UMD PRINCE GEORGE'S HOSPITAL CTR,12/4/20,24033,0.283756684,9.608888265,12/16/20
ADVENTIST HEALTHCARE WHITE OAK MEDICAL CENTER,12/4/20,24033,0.344251337,11.65742628,12/16/20
MEDSTAR SOUTHERN MARYLAND HOSPITAL CENTER,12/4/20,24033,0.155748663,5.27413655,12/16/20
DOCTORS'  COMMUNITY HOSPITAL,12/4/20,24033,0.174131016,5.896620478,12/16/20
ADVENTIST HEALTHCARE FORT WASHINGTON MEDICAL CTR,12/4/20,24033,0.042112299,1.426054089,12/16/20
MEDSTAR SAINT MARY'S HOSPITAL,12/4/20,24037,1,3.185755155,12/16/20
UMD SHORE MEDICAL CENTER AT EASTON,12/4/20,24041,1,0.863455339,12/16/20
MERITUS MEDICAL CENTER,12/4/20,24043,1,8.137057249,12/16/20
"TIDALHEALTH PENINSULA REGIONAL, INC",12/4/20,24045,1,2.854748265,12/16/20
ATLANTIC GENERAL HOSPITAL,12/4/20,24047,1,1.401468905,12/16/20
SAINT AGNES HOSPITAL,12/4/20,24510,0.083931289,1.631006209,12/16/20
UNIVERSITY OF MARYLAND MEDICAL CENTER,12/4/20,24510,0.144161774,2.801443307,12/16/20
SINAI HOSPITAL OF BALTIMORE,12/4/20,24510,0.157860404,3.067643802,12/16/20
"GRACE MEDICAL CENTER, INC",12/4/20,24510,0.004348771,0.084508094,12/16/20
MEDSTAR GOOD SAMARITAN HOSPITAL,12/4/20,24510,0.099369428,1.931009942,12/16/20
JOHNS HOPKINS BAYVIEW MEDICAL CENTER,12/4/20,24510,0.077408132,1.504244068,12/16/20
BALTIMORE CONVENTION CENTER ALTERNATE CARE SITE,12/4/20,24510,0.056534029,1.098605218,12/16/20
MEDSTAR UNION MEMORIAL HOSPITAL,12/4/20,24510,0.09762992,1.897206704,12/16/20
"JOHNS HOPKINS HOSPITAL, THE",12/4/20,24510,0.135029354,2.62397631,12/16/20
MEDSTAR HARBOR HOSPITAL,12/4/20,24510,0.067405958,1.309875453,12/16/20
UNIVERSITY OF MD MEDICAL CENTER MIDTOWN CAMPUS,12/4/20,24510,0.038486628,0.74789663,12/16/20
MERCY MEDICAL CENTER INC,12/4/20,24510,0.037834312,0.735220415,12/16/20
U P M C WESTERN MARYLAND,12/4/20,24001,1,5.771730604,12/17/20
UMD BALTIMORE WASHINGTON  MEDICAL CENTER,12/4/20,24003,0.52165088,10.72395055,12/17/20
ANNE ARUNDEL MEDICAL CENTER,12/4/20,24003,0.47834912,9.833765289,12/17/20
MEDSTAR FRANKLIN SQUARE MEDICAL CENTER,12/4/20,24005,0.407535563,10.81297318,12/17/20
GREATER BALTIMORE MEDICAL CENTER,12/4/20,24005,0.199923106,5.304477409,12/17/20
UNIVERSITY OF MD ST JOSEPH MEDICAL CENTER,12/4/20,24005,0.199923106,5.304477409,12/17/20
NORTHWEST HOSPITAL CENTER,12/4/20,24005,0.192618224,5.110659966,12/17/20
CALVERTHEALTH MEDICAL CENTER,12/4/20,24009,1,1.757296935,12/17/20
CARROLL HOSPITAL CENTER,12/4/20,24013,1,5.566426693,12/17/20
UNION HOSPITAL OF CECIL COUNTY,12/4/20,24015,1,4.576274556,12/17/20
UMD CHARLES REGIONAL  MEDICAL CENTER,12/4/20,24017,1,4.548384677,12/17/20
FREDERICK HEALTH HOSPITAL,12/4/20,24021,1,10.86378363,12/17/20
GARRETT COUNTY MEMORIAL HOSPITAL,12/4/20,24023,1,1.837984355,12/17/20
UNIVERSITY OF MD HARFORD MEMORIAL HOSPITAL,12/4/20,24025,0.222047244,1.3833291,12/17/20
UMD UPPER CHESAPEAKE MEDICAL CENTER,12/4/20,24025,0.777952756,4.846557271,12/17/20
HOWARD COUNTY GENERAL HOSPITAL,12/4/20,24027,1,8.744398548,12/17/20
UMD SHORE MEDICAL CTR AT CHESTERTOWN,12/4/20,24029,1,0.590331677,12/17/20
HOLY CROSS HOSPITAL,12/4/20,24031,0.354497354,12.52187038,12/17/20
MEDSTAR MONTGOMERY MEDICAL CENTER,12/4/20,24031,0.152218152,5.376784757,12/17/20
SUBURBAN HOSPITAL,12/4/20,24031,0.133089133,4.701092555,12/17/20
ADVENTIST HEALTHCARE SHADY GROVE MEDICAL CENTER,12/4/20,24031,0.266992267,9.430937969,12/17/20
HOLY CROSS GERMANTOWN HOSPITAL,12/4/20,24031,0.093203093,3.292202431,12/17/20
UMD PRINCE GEORGE'S HOSPITAL CTR,12/4/20,24033,0.283756684,9.584805838,12/17/20
ADVENTIST HEALTHCARE WHITE OAK MEDICAL CENTER,12/4/20,24033,0.344251337,11.62820967,12/17/20
MEDSTAR SOUTHERN MARYLAND HOSPITAL CENTER,12/4/20,24033,0.155748663,5.260918163,12/17/20
DOCTORS'  COMMUNITY HOSPITAL,12/4/20,24033,0.174131016,5.881841981,12/17/20
ADVENTIST HEALTHCARE FORT WASHINGTON MEDICAL CTR,12/4/20,24033,0.042112299,1.422480018,12/17/20
MEDSTAR SAINT MARY'S HOSPITAL,12/4/20,24037,1,3.177770806,12/17/20
UMD SHORE MEDICAL CENTER AT EASTON,12/4/20,24041,1,0.86129129,12/17/20
MERITUS MEDICAL CENTER,12/4/20,24043,1,8.116663622,12/17/20
"TIDALHEALTH PENINSULA REGIONAL, INC",12/4/20,24045,1,2.847593508,12/17/20
ATLANTIC GENERAL HOSPITAL,12/4/20,24047,1,1.397956451,12/17/20
SAINT AGNES HOSPITAL,12/4/20,24510,0.083931289,1.626918474,12/17/20
UNIVERSITY OF MARYLAND MEDICAL CENTER,12/4/20,24510,0.144161774,2.794422146,12/17/20
SINAI HOSPITAL OF BALTIMORE,12/4/20,24510,0.157860404,3.059955472,12/17/20
"GRACE MEDICAL CENTER, INC",12/4/20,24510,0.004348771,0.084296294,12/17/20
MEDSTAR GOOD SAMARITAN HOSPITAL,12/4/20,24510,0.099369428,1.926170318,12/17/20
JOHNS HOPKINS BAYVIEW MEDICAL CENTER,12/4/20,24510,0.077408132,1.500474033,12/17/20
BALTIMORE CONVENTION CENTER ALTERNATE CARE SITE,12/4/20,24510,0.056534029,1.095851822,12/17/20
MEDSTAR UNION MEMORIAL HOSPITAL,12/4/20,24510,0.09762992,1.8924518,12/17/20
"JOHNS HOPKINS HOSPITAL, THE",12/4/20,24510,0.135029354,2.617399929,12/17/20
MEDSTAR HARBOR HOSPITAL,12/4/20,24510,0.067405958,1.306592557,12/17/20
UNIVERSITY OF MD MEDICAL CENTER MIDTOWN CAMPUS,12/4/20,24510,0.038486628,0.746022202,12/17/20
MERCY MEDICAL CENTER INC,12/4/20,24510,0.037834312,0.733377758,12/17/20
U P M C WESTERN MARYLAND,12/4/20,24001,1,5.948169605,12/18/20
UMD BALTIMORE WASHINGTON  MEDICAL CENTER,12/4/20,24003,0.52165088,11.05177651,12/18/20
ANNE ARUNDEL MEDICAL CENTER,12/4/20,24003,0.47834912,10.13437872,12/18/20
MEDSTAR FRANKLIN SQUARE MEDICAL CENTER,12/4/20,24005,0.407535563,11.14352052,12/18/20
GREATER BALTIMORE MEDICAL CENTER,12/4/20,24005,0.199923106,5.466632707,12/18/20
UNIVERSITY OF MD ST JOSEPH MEDICAL CENTER,12/4/20,24005,0.199923106,5.466632707,12/18/20
NORTHWEST HOSPITAL CENTER,12/4/20,24005,0.192618224,5.266890358,12/18/20
CALVERTHEALTH MEDICAL CENTER,12/4/20,24009,1,1.811016649,12/18/20
CARROLL HOSPITAL CENTER,12/4/20,24013,1,5.736589653,12/18/20
UNION HOSPITAL OF CECIL COUNTY,12/4/20,24015,1,4.716169046,12/18/20
UMD CHARLES REGIONAL  MEDICAL CENTER,12/4/20,24017,1,4.687426587,12/18/20
FREDERICK HEALTH HOSPITAL,12/4/20,24021,1,11.19588422,12/18/20
GARRETT COUNTY MEMORIAL HOSPITAL,12/4/20,24023,1,1.894170644,12/18/20
UNIVERSITY OF MD HARFORD MEMORIAL HOSPITAL,12/4/20,24025,0.222047244,1.425616798,12/18/20
UMD UPPER CHESAPEAKE MEDICAL CENTER,12/4/20,24025,0.777952756,4.994714172,12/18/20
HOWARD COUNTY GENERAL HOSPITAL,12/4/20,24027,1,9.011710563,12/18/20
UMD SHORE MEDICAL CTR AT CHESTERTOWN,12/4/20,24029,1,0.60837783,12/18/20
HOLY CROSS HOSPITAL,12/4/20,24031,0.354497354,12.90465788,12/18/20
MEDSTAR MONTGOMERY MEDICAL CENTER,12/4/20,24031,0.152218152,5.541150455,12/18/20
SUBURBAN HOSPITAL,12/4/20,24031,0.133089133,4.84480267,12/18/20
ADVENTIST HEALTHCARE SHADY GROVE MEDICAL CENTER,12/4/20,24031,0.266992267,9.719237161,12/18/20
HOLY CROSS GERMANTOWN HOSPITAL,12/4/20,24031,0.093203093,3.39284346,12/18/20
UMD PRINCE GEORGE'S HOSPITAL CTR,12/4/20,24033,0.283756684,9.877808697,12/18/20
ADVENTIST HEALTHCARE WHITE OAK MEDICAL CENTER,12/4/20,24033,0.344251337,11.9836784,12/18/20
MEDSTAR SOUTHERN MARYLAND HOSPITAL CENTER,12/4/20,24033,0.155748663,5.421741876,12/18/20
DOCTORS'  COMMUNITY HOSPITAL,12/4/20,24033,0.174131016,6.061647033,12/18/20
ADVENTIST HEALTHCARE FORT WASHINGTON MEDICAL CTR,12/4/20,24033,0.042112299,1.465964542,12/18/20
MEDSTAR SAINT MARY'S HOSPITAL,12/4/20,24037,1,3.274913716,12/18/20
UMD SHORE MEDICAL CENTER AT EASTON,12/4/20,24041,1,0.887620547,12/18/20
MERITUS MEDICAL CENTER,12/4/20,24043,1,8.364786086,12/18/20
"TIDALHEALTH PENINSULA REGIONAL, INC",12/4/20,24045,1,2.934643058,12/18/20
ATLANTIC GENERAL HOSPITAL,12/4/20,24047,1,1.440691301,12/18/20
SAINT AGNES HOSPITAL,12/4/20,24510,0.083931289,1.676652582,12/18/20
UNIVERSITY OF MARYLAND MEDICAL CENTER,12/4/20,24510,0.144161774,2.879846274,12/18/20
SINAI HOSPITAL OF BALTIMORE,12/4/20,24510,0.157860404,3.153496824,12/18/20
"GRACE MEDICAL CENTER, INC",12/4/20,24510,0.004348771,0.086873191,12/18/20
MEDSTAR GOOD SAMARITAN HOSPITAL,12/4/20,24510,0.099369428,1.985052409,12/18/20
JOHNS HOPKINS BAYVIEW MEDICAL CENTER,12/4/20,24510,0.077408132,1.546342795,12/18/20
BALTIMORE CONVENTION CENTER ALTERNATE CARE SITE,12/4/20,24510,0.056534029,1.12935148,12/18/20
MEDSTAR UNION MEMORIAL HOSPITAL,12/4/20,24510,0.09762992,1.950303132,12/18/20
"JOHNS HOPKINS HOSPITAL, THE",12/4/20,24510,0.135029354,2.697412573,12/18/20
MEDSTAR HARBOR HOSPITAL,12/4/20,24510,0.067405958,1.346534457,12/18/20
UNIVERSITY OF MD MEDICAL CENTER MIDTOWN CAMPUS,12/4/20,24510,0.038486628,0.768827738,12/18/20
MERCY MEDICAL CENTER INC,12/4/20,24510,0.037834312,0.75579676,12/18/20
U P M C WESTERN MARYLAND,12/4/20,24001,1,6.032763647,12/19/20
UMD BALTIMORE WASHINGTON  MEDICAL CENTER,12/4/20,24003,0.52165088,11.20895334,12/19/20
ANNE ARUNDEL MEDICAL CENTER,12/4/20,24003,0.47834912,10.27850844,12/19/20
MEDSTAR FRANKLIN SQUARE MEDICAL CENTER,12/4/20,24005,0.407535563,11.30200212,12/19/20
GREATER BALTIMORE MEDICAL CENTER,12/4/20,24005,0.199923106,5.544378398,12/19/20
UNIVERSITY OF MD ST JOSEPH MEDICAL CENTER,12/4/20,24005,0.199923106,5.544378398,12/19/20
NORTHWEST HOSPITAL CENTER,12/4/20,24005,0.192618224,5.341795341,12/19/20
CALVERTHEALTH MEDICAL CENTER,12/4/20,24009,1,1.836772676,12/19/20
CARROLL HOSPITAL CENTER,12/4/20,24013,1,5.818174634,12/19/20
UNION HOSPITAL OF CECIL COUNTY,12/4/20,24015,1,4.783241747,12/19/20
UMD CHARLES REGIONAL  MEDICAL CENTER,12/4/20,24017,1,4.754090517,12/19/20
FREDERICK HEALTH HOSPITAL,12/4/20,24021,1,11.35511053,12/19/20
GARRETT COUNTY MEMORIAL HOSPITAL,12/4/20,24023,1,1.921109275,12/19/20
UNIVERSITY OF MD HARFORD MEMORIAL HOSPITAL,12/4/20,24025,0.222047244,1.445891722,12/19/20
UMD UPPER CHESAPEAKE MEDICAL CENTER,12/4/20,24025,0.777952756,5.065748303,12/19/20
HOWARD COUNTY GENERAL HOSPITAL,12/4/20,24027,1,9.139873859,12/19/20
UMD SHORE MEDICAL CTR AT CHESTERTOWN,12/4/20,24029,1,0.617030095,12/19/20
HOLY CROSS HOSPITAL,12/4/20,24031,0.354497354,13.08818613,12/19/20
MEDSTAR MONTGOMERY MEDICAL CENTER,12/4/20,24031,0.152218152,5.619955926,12/19/20
SUBURBAN HOSPITAL,12/4/20,24031,0.133089133,4.913704781,12/19/20
ADVENTIST HEALTHCARE SHADY GROVE MEDICAL CENTER,12/4/20,24031,0.266992267,9.857462801,12/19/20
HOLY CROSS GERMANTOWN HOSPITAL,12/4/20,24031,0.093203093,3.441096008,12/19/20
UMD PRINCE GEORGE'S HOSPITAL CTR,12/4/20,24033,0.283756684,10.01828952,12/19/20
ADVENTIST HEALTHCARE WHITE OAK MEDICAL CENTER,12/4/20,24033,0.344251337,12.1541086,12/19/20
MEDSTAR SOUTHERN MARYLAND HOSPITAL CENTER,12/4/20,24033,0.155748663,5.498849135,12/19/20
DOCTORS'  COMMUNITY HOSPITAL,12/4/20,24033,0.174131016,6.147854935,12/19/20
ADVENTIST HEALTHCARE FORT WASHINGTON MEDICAL CTR,12/4/20,24033,0.042112299,1.486813286,12/19/20
MEDSTAR SAINT MARY'S HOSPITAL,12/4/20,24037,1,3.321489084,12/19/20
UMD SHORE MEDICAL CENTER AT EASTON,12/4/20,24041,1,0.900244163,12/19/20
MERITUS MEDICAL CENTER,12/4/20,24043,1,8.483748911,12/19/20
"TIDALHEALTH PENINSULA REGIONAL, INC",12/4/20,24045,1,2.976379144,12/19/20
ATLANTIC GENERAL HOSPITAL,12/4/20,24047,1,1.461180613,12/19/20
SAINT AGNES HOSPITAL,12/4/20,24510,0.083931289,1.700497702,12/19/20
UNIVERSITY OF MARYLAND MEDICAL CENTER,12/4/20,24510,0.144161774,2.920803047,12/19/20
SINAI HOSPITAL OF BALTIMORE,12/4/20,24510,0.157860404,3.198345418,12/19/20
"GRACE MEDICAL CENTER, INC",12/4/20,24510,0.004348771,0.088108689,12/19/20
MEDSTAR GOOD SAMARITAN HOSPITAL,12/4/20,24510,0.099369428,2.013283548,12/19/20
JOHNS HOPKINS BAYVIEW MEDICAL CENTER,12/4/20,24510,0.077408132,1.568334668,12/19/20
BALTIMORE CONVENTION CENTER ALTERNATE CARE SITE,12/4/20,24510,0.056534029,1.14541296,12/19/20
MEDSTAR UNION MEMORIAL HOSPITAL,12/4/20,24510,0.09762992,1.978040073,12/19/20
"JOHNS HOPKINS HOSPITAL, THE",12/4/20,24510,0.135029354,2.7357748,12/19/20
MEDSTAR HARBOR HOSPITAL,12/4/20,24510,0.067405958,1.365684683,12/19/20
UNIVERSITY OF MD MEDICAL CENTER MIDTOWN CAMPUS,12/4/20,24510,0.038486628,0.779761899,12/19/20
MERCY MEDICAL CENTER INC,12/4/20,24510,0.037834312,0.766545596,12/19/20
U P M C WESTERN MARYLAND,12/4/20,24001,1,6.180198976,12/20/20
UMD BALTIMORE WASHINGTON  MEDICAL CENTER,12/4/20,24003,0.52165088,11.4828901,12/20/20
ANNE ARUNDEL MEDICAL CENTER,12/4/20,24003,0.47834912,10.52970596,12/20/20
MEDSTAR FRANKLIN SQUARE MEDICAL CENTER,12/4/20,24005,0.407535563,11.57821291,12/20/20
GREATER BALTIMORE MEDICAL CENTER,12/4/20,24005,0.199923106,5.67987803,12/20/20
UNIVERSITY OF MD ST JOSEPH MEDICAL CENTER,12/4/20,24005,0.199923106,5.67987803,12/20/20
NORTHWEST HOSPITAL CENTER,12/4/20,24005,0.192618224,5.472344025,12/20/20
CALVERTHEALTH MEDICAL CENTER,12/4/20,24009,1,1.881661752,12/20/20
CARROLL HOSPITAL CENTER,12/4/20,24013,1,5.9603656,12/20/20
UNION HOSPITAL OF CECIL COUNTY,12/4/20,24015,1,4.900139883,12/20/20
UMD CHARLES REGIONAL  MEDICAL CENTER,12/4/20,24017,1,4.870276222,12/20/20
FREDERICK HEALTH HOSPITAL,12/4/20,24021,1,11.63261924,12/20/20
GARRETT COUNTY MEMORIAL HOSPITAL,12/4/20,24023,1,1.968059462,12/20/20
UNIVERSITY OF MD HARFORD MEMORIAL HOSPITAL,12/4/20,24025,0.222047244,1.481228018,12/20/20
UMD UPPER CHESAPEAKE MEDICAL CENTER,12/4/20,24025,0.777952756,5.189550645,12/20/20
HOWARD COUNTY GENERAL HOSPITAL,12/4/20,24027,1,9.363244173,12/20/20
UMD SHORE MEDICAL CTR AT CHESTERTOWN,12/4/20,24029,1,0.632109757,12/20/20
HOLY CROSS HOSPITAL,12/4/20,24031,0.354497354,13.40804965,12/20/20
MEDSTAR MONTGOMERY MEDICAL CENTER,12/4/20,24031,0.152218152,5.757302606,12/20/20
SUBURBAN HOSPITAL,12/4/20,24031,0.133089133,5.033791316,12/20/20
ADVENTIST HEALTHCARE SHADY GROVE MEDICAL CENTER,12/4/20,24031,0.266992267,10.09837035,12/20/20
HOLY CROSS GERMANTOWN HOSPITAL,12/4/20,24031,0.093203093,3.525193307,12/20/20
UMD PRINCE GEORGE'S HOSPITAL CTR,12/4/20,24033,0.283756684,10.26312752,12/20/20
ADVENTIST HEALTHCARE WHITE OAK MEDICAL CENTER,12/4/20,24033,0.344251337,12.45114411,12/20/20
MEDSTAR SOUTHERN MARYLAND HOSPITAL CENTER,12/4/20,24033,0.155748663,5.633236073,12/20/20
DOCTORS'  COMMUNITY HOSPITAL,12/4/20,24033,0.174131016,6.298102992,12/20/20
ADVENTIST HEALTHCARE FORT WASHINGTON MEDICAL CTR,12/4/20,24033,0.042112299,1.523149668,12/20/20
MEDSTAR SAINT MARY'S HOSPITAL,12/4/20,24037,1,3.402663296,12/20/20
UMD SHORE MEDICAL CENTER AT EASTON,12/4/20,24041,1,0.922245322,12/20/20
MERITUS MEDICAL CENTER,12/4/20,24043,1,8.691084121,12/20/20
"TIDALHEALTH PENINSULA REGIONAL, INC",12/4/20,24045,1,3.049119179,12/20/20
ATLANTIC GENERAL HOSPITAL,12/4/20,24047,1,1.496890555,12/20/20
SAINT AGNES HOSPITAL,12/4/20,24510,0.083931289,1.742056339,12/20/20
UNIVERSITY OF MARYLAND MEDICAL CENTER,12/4/20,24510,0.144161774,2.992184852,12/20/20
SINAI HOSPITAL OF BALTIMORE,12/4/20,24510,0.157860404,3.27651011,12/20/20
"GRACE MEDICAL CENTER, INC",12/4/20,24510,0.004348771,0.090261986,12/20/20
MEDSTAR GOOD SAMARITAN HOSPITAL,12/4/20,24510,0.099369428,2.062486391,12/20/20
JOHNS HOPKINS BAYVIEW MEDICAL CENTER,12/4/20,24510,0.077408132,1.60666336,12/20/20
BALTIMORE CONVENTION CENTER ALTERNATE CARE SITE,12/4/20,24510,0.056534029,1.173405824,12/20/20
MEDSTAR UNION MEMORIAL HOSPITAL,12/4/20,24510,0.09762992,2.026381597,12/20/20
"JOHNS HOPKINS HOSPITAL, THE",12/4/20,24510,0.135029354,2.802634681,12/20/20
MEDSTAR HARBOR HOSPITAL,12/4/20,24510,0.067405958,1.399060791,12/20/20
UNIVERSITY OF MD MEDICAL CENTER MIDTOWN CAMPUS,12/4/20,24510,0.038486628,0.79881858,12/20/20
MERCY MEDICAL CENTER INC,12/4/20,24510,0.037834312,0.785279283,12/20/20
U P M C WESTERN MARYLAND,12/4/20,24001,1,6.015844838,12/21/20
UMD BALTIMORE WASHINGTON  MEDICAL CENTER,12/4/20,24003,0.52165088,11.17751797,12/21/20
ANNE ARUNDEL MEDICAL CENTER,12/4/20,24003,0.47834912,10.2496825,12/21/20
MEDSTAR FRANKLIN SQUARE MEDICAL CENTER,12/4/20,24005,0.407535563,11.2703058,12/21/20
GREATER BALTIMORE MEDICAL CENTER,12/4/20,24005,0.199923106,5.52882926,12/21/20
UNIVERSITY OF MD ST JOSEPH MEDICAL CENTER,12/4/20,24005,0.199923106,5.52882926,12/21/20
NORTHWEST HOSPITAL CENTER,12/4/20,24005,0.192618224,5.326814344,12/21/20
CALVERTHEALTH MEDICAL CENTER,12/4/20,24009,1,1.831621471,12/21/20
CARROLL HOSPITAL CENTER,12/4/20,24013,1,5.801857638,12/21/20
UNION HOSPITAL OF CECIL COUNTY,12/4/20,24015,1,4.769827207,12/21/20
UMD CHARLES REGIONAL  MEDICAL CENTER,12/4/20,24017,1,4.740757731,12/21/20
FREDERICK HEALTH HOSPITAL,12/4/20,24021,1,11.32326526,12/21/20
GARRETT COUNTY MEMORIAL HOSPITAL,12/4/20,24023,1,1.915721549,12/21/20
UNIVERSITY OF MD HARFORD MEMORIAL HOSPITAL,12/4/20,24025,0.222047244,1.441836737,12/21/20
UMD UPPER CHESAPEAKE MEDICAL CENTER,12/4/20,24025,0.777952756,5.051541477,12/21/20
HOWARD COUNTY GENERAL HOSPITAL,12/4/20,24027,1,9.1142412,12/21/20
UMD SHORE MEDICAL CTR AT CHESTERTOWN,12/4/20,24029,1,0.615299642,12/21/20
HOLY CROSS HOSPITAL,12/4/20,24031,0.354497354,13.05148048,12/21/20
MEDSTAR MONTGOMERY MEDICAL CENTER,12/4/20,24031,0.152218152,5.604194832,12/21/20
SUBURBAN HOSPITAL,12/4/20,24031,0.133089133,4.899924359,12/21/20
ADVENTIST HEALTHCARE SHADY GROVE MEDICAL CENTER,12/4/20,24031,0.266992267,9.829817673,12/21/20
HOLY CROSS GERMANTOWN HOSPITAL,12/4/20,24031,0.093203093,3.431445499,12/21/20
UMD PRINCE GEORGE'S HOSPITAL CTR,12/4/20,24033,0.283756684,9.990193355,12/21/20
ADVENTIST HEALTHCARE WHITE OAK MEDICAL CENTER,12/4/20,24033,0.344251337,12.12002256,12/21/20
MEDSTAR SOUTHERN MARYLAND HOSPITAL CENTER,12/4/20,24033,0.155748663,5.483427683,12/21/20
DOCTORS'  COMMUNITY HOSPITAL,12/4/20,24033,0.174131016,6.130613354,12/21/20
ADVENTIST HEALTHCARE FORT WASHINGTON MEDICAL CTR,12/4/20,24033,0.042112299,1.482643537,12/21/20
MEDSTAR SAINT MARY'S HOSPITAL,12/4/20,24037,1,3.31217401,12/21/20
UMD SHORE MEDICAL CENTER AT EASTON,12/4/20,24041,1,0.897719439,12/21/20
MERITUS MEDICAL CENTER,12/4/20,24043,1,8.459956346,12/21/20
"TIDALHEALTH PENINSULA REGIONAL, INC",12/4/20,24045,1,2.968031927,12/21/20
ATLANTIC GENERAL HOSPITAL,12/4/20,24047,1,1.45708275,12/21/20
SAINT AGNES HOSPITAL,12/4/20,24510,0.083931289,1.695728678,12/21/20
UNIVERSITY OF MARYLAND MEDICAL CENTER,12/4/20,24510,0.144161774,2.912611692,12/21/20
SINAI HOSPITAL OF BALTIMORE,12/4/20,24510,0.157860404,3.189375699,12/21/20
"GRACE MEDICAL CENTER, INC",12/4/20,24510,0.004348771,0.08786159,12/21/20
MEDSTAR GOOD SAMARITAN HOSPITAL,12/4/20,24510,0.099369428,2.00763732,12/21/20
JOHNS HOPKINS BAYVIEW MEDICAL CENTER,12/4/20,24510,0.077408132,1.563936293,12/21/20
BALTIMORE CONVENTION CENTER ALTERNATE CARE SITE,12/4/20,24510,0.056534029,1.142200664,12/21/20
MEDSTAR UNION MEMORIAL HOSPITAL,12/4/20,24510,0.09762992,1.972492685,12/21/20
"JOHNS HOPKINS HOSPITAL, THE",12/4/20,24510,0.135029354,2.728102354,12/21/20
MEDSTAR HARBOR HOSPITAL,12/4/20,24510,0.067405958,1.361854637,12/21/20
UNIVERSITY OF MD MEDICAL CENTER MIDTOWN CAMPUS,12/4/20,24510,0.038486628,0.777575067,12/21/20
MERCY MEDICAL CENTER INC,12/4/20,24510,0.037834312,0.764395829,12/21/20
U P M C WESTERN MARYLAND,12/4/20,24001,1,5.994092085,12/22/20
UMD BALTIMORE WASHINGTON  MEDICAL CENTER,12/4/20,24003,0.52165088,11.13710107,12/22/20
ANNE ARUNDEL MEDICAL CENTER,12/4/20,24003,0.47834912,10.21262057,12/22/20
MEDSTAR FRANKLIN SQUARE MEDICAL CENTER,12/4/20,24005,0.407535563,11.22955339,12/22/20
GREATER BALTIMORE MEDICAL CENTER,12/4/20,24005,0.199923106,5.508837511,12/22/20
UNIVERSITY OF MD ST JOSEPH MEDICAL CENTER,12/4/20,24005,0.199923106,5.508837511,12/22/20
NORTHWEST HOSPITAL CENTER,12/4/20,24005,0.192618224,5.307553063,12/22/20
CALVERTHEALTH MEDICAL CENTER,12/4/20,24009,1,1.824998492,12/22/20
CARROLL HOSPITAL CENTER,12/4/20,24013,1,5.780878643,12/22/20
UNION HOSPITAL OF CECIL COUNTY,12/4/20,24015,1,4.752579941,12/22/20
UMD CHARLES REGIONAL  MEDICAL CENTER,12/4/20,24017,1,4.723615577,12/22/20
FREDERICK HEALTH HOSPITAL,12/4/20,24021,1,11.28232136,12/22/20
GARRETT COUNTY MEMORIAL HOSPITAL,12/4/20,24023,1,1.908794472,12/22/20
UNIVERSITY OF MD HARFORD MEMORIAL HOSPITAL,12/4/20,24025,0.222047244,1.436623185,12/22/20
UMD UPPER CHESAPEAKE MEDICAL CENTER,12/4/20,24025,0.777952756,5.033275558,12/22/20
HOWARD COUNTY GENERAL HOSPITAL,12/4/20,24027,1,9.081284924,12/22/20
UMD SHORE MEDICAL CTR AT CHESTERTOWN,12/4/20,24029,1,0.613074774,12/22/20
HOLY CROSS HOSPITAL,12/4/20,24031,0.354497354,13.0042875,12/22/20
MEDSTAR MONTGOMERY MEDICAL CENTER,12/4/20,24031,0.152218152,5.583930568,12/22/20
SUBURBAN HOSPITAL,12/4/20,24031,0.133089133,4.882206673,12/22/20
ADVENTIST HEALTHCARE SHADY GROVE MEDICAL CENTER,12/4/20,24031,0.266992267,9.794273937,12/22/20
HOLY CROSS GERMANTOWN HOSPITAL,12/4/20,24031,0.093203093,3.419037701,12/22/20
UMD PRINCE GEORGE'S HOSPITAL CTR,12/4/20,24033,0.283756684,9.954069714,12/22/20
ADVENTIST HEALTHCARE WHITE OAK MEDICAL CENTER,12/4/20,24033,0.344251337,12.07619765,12/22/20
MEDSTAR SOUTHERN MARYLAND HOSPITAL CENTER,12/4/20,24033,0.155748663,5.463600102,12/22/20
DOCTORS'  COMMUNITY HOSPITAL,12/4/20,24033,0.174131016,6.108445608,12/22/20
ADVENTIST HEALTHCARE FORT WASHINGTON MEDICAL CTR,12/4/20,24033,0.042112299,1.477282431,12/22/20
MEDSTAR SAINT MARY'S HOSPITAL,12/4/20,24037,1,3.300197487,12/22/20
UMD SHORE MEDICAL CENTER AT EASTON,12/4/20,24041,1,0.894473367,12/22/20
MERITUS MEDICAL CENTER,12/4/20,24043,1,8.429365906,12/22/20
"TIDALHEALTH PENINSULA REGIONAL, INC",12/4/20,24045,1,2.95729979,12/22/20
ATLANTIC GENERAL HOSPITAL,12/4/20,24047,1,1.45181407,12/22/20
SAINT AGNES HOSPITAL,12/4/20,24510,0.083931289,1.689597075,12/22/20
UNIVERSITY OF MARYLAND MEDICAL CENTER,12/4/20,24510,0.144161774,2.902079951,12/22/20
SINAI HOSPITAL OF BALTIMORE,12/4/20,24510,0.157860404,3.177843204,12/22/20
"GRACE MEDICAL CENTER, INC",12/4/20,24510,0.004348771,0.08754389,12/22/20
MEDSTAR GOOD SAMARITAN HOSPITAL,12/4/20,24510,0.099369428,2.000377885,12/22/20
JOHNS HOPKINS BAYVIEW MEDICAL CENTER,12/4/20,24510,0.077408132,1.55828124,12/22/20
BALTIMORE CONVENTION CENTER ALTERNATE CARE SITE,12/4/20,24510,0.056534029,1.138070569,12/22/20
MEDSTAR UNION MEMORIAL HOSPITAL,12/4/20,24510,0.09762992,1.965360329,12/22/20
"JOHNS HOPKINS HOSPITAL, THE",12/4/20,24510,0.135029354,2.718237782,12/22/20
MEDSTAR HARBOR HOSPITAL,12/4/20,24510,0.067405958,1.356930294,12/22/20
UNIVERSITY OF MD MEDICAL CENTER MIDTOWN CAMPUS,12/4/20,24510,0.038486628,0.774763426,12/22/20
MERCY MEDICAL CENTER INC,12/4/20,24510,0.037834312,0.761631842,12/22/20
U P M C WESTERN MARYLAND,12/4/20,24001,1,6.189866867,12/23/20
UMD BALTIMORE WASHINGTON  MEDICAL CENTER,12/4/20,24003,0.52165088,11.50085316,12/23/20
ANNE ARUNDEL MEDICAL CENTER,12/4/20,24003,0.47834912,10.54617793,12/23/20
MEDSTAR FRANKLIN SQUARE MEDICAL CENTER,12/4/20,24005,0.407535563,11.59632509,12/23/20
GREATER BALTIMORE MEDICAL CENTER,12/4/20,24005,0.199923106,5.688763252,12/23/20
UNIVERSITY OF MD ST JOSEPH MEDICAL CENTER,12/4/20,24005,0.199923106,5.688763252,12/23/20
NORTHWEST HOSPITAL CENTER,12/4/20,24005,0.192618224,5.480904595,12/23/20
CALVERTHEALTH MEDICAL CENTER,12/4/20,24009,1,1.884605298,12/23/20
CARROLL HOSPITAL CENTER,12/4/20,24013,1,5.969689598,12/23/20
UNION HOSPITAL OF CECIL COUNTY,12/4/20,24015,1,4.907805334,12/23/20
UMD CHARLES REGIONAL  MEDICAL CENTER,12/4/20,24017,1,4.877894957,12/23/20
FREDERICK HEALTH HOSPITAL,12/4/20,24021,1,11.65081653,12/23/20
GARRETT COUNTY MEMORIAL HOSPITAL,12/4/20,24023,1,1.971138163,12/23/20
UNIVERSITY OF MD HARFORD MEMORIAL HOSPITAL,12/4/20,24025,0.222047244,1.483545152,12/23/20
UMD UPPER CHESAPEAKE MEDICAL CENTER,12/4/20,24025,0.777952756,5.197668832,12/23/20
HOWARD COUNTY GENERAL HOSPITAL,12/4/20,24027,1,9.377891407,12/23/20
UMD SHORE MEDICAL CTR AT CHESTERTOWN,12/4/20,24029,1,0.633098587,12/23/20
HOLY CROSS HOSPITAL,12/4/20,24031,0.354497354,13.42902431,12/23/20
MEDSTAR MONTGOMERY MEDICAL CENTER,12/4/20,24031,0.152218152,5.766308945,12/23/20
SUBURBAN HOSPITAL,12/4/20,24031,0.133089133,5.041665843,12/23/20
ADVENTIST HEALTHCARE SHADY GROVE MEDICAL CENTER,12/4/20,24031,0.266992267,10.11416756,12/23/20
HOLY CROSS GERMANTOWN HOSPITAL,12/4/20,24031,0.093203093,3.530707884,12/23/20
UMD PRINCE GEORGE'S HOSPITAL CTR,12/4/20,24033,0.283756684,10.27918248,12/23/20
ADVENTIST HEALTHCARE WHITE OAK MEDICAL CENTER,12/4/20,24033,0.344251337,12.47062185,12/23/20
MEDSTAR SOUTHERN MARYLAND HOSPITAL CENTER,12/4/20,24033,0.155748663,5.642048332,12/23/20
DOCTORS'  COMMUNITY HOSPITAL,12/4/20,24033,0.174131016,6.307955323,12/23/20
ADVENTIST HEALTHCARE FORT WASHINGTON MEDICAL CTR,12/4/20,24033,0.042112299,1.525532381,12/23/20
MEDSTAR SAINT MARY'S HOSPITAL,12/4/20,24037,1,3.407986195,12/23/20
UMD SHORE MEDICAL CENTER AT EASTON,12/4/20,24041,1,0.923688021,12/23/20
MERITUS MEDICAL CENTER,12/4/20,24043,1,8.704679873,12/23/20
"TIDALHEALTH PENINSULA REGIONAL, INC",12/4/20,24045,1,3.053889017,12/23/20
ATLANTIC GENERAL HOSPITAL,12/4/20,24047,1,1.499232191,12/23/20
SAINT AGNES HOSPITAL,12/4/20,24510,0.083931289,1.744781496,12/23/20
UNIVERSITY OF MARYLAND MEDICAL CENTER,12/4/20,24510,0.144161774,2.996865626,12/23/20
SINAI HOSPITAL OF BALTIMORE,12/4/20,24510,0.157860404,3.281635663,12/23/20
"GRACE MEDICAL CENTER, INC",12/4/20,24510,0.004348771,0.090403186,12/23/20
MEDSTAR GOOD SAMARITAN HOSPITAL,12/4/20,24510,0.099369428,2.065712807,12/23/20
JOHNS HOPKINS BAYVIEW MEDICAL CENTER,12/4/20,24510,0.077408132,1.609176716,12/23/20
BALTIMORE CONVENTION CENTER ALTERNATE CARE SITE,12/4/20,24510,0.056534029,1.175241422,12/23/20
MEDSTAR UNION MEMORIAL HOSPITAL,12/4/20,24510,0.09762992,2.029551533,12/23/20
"JOHNS HOPKINS HOSPITAL, THE",12/4/20,24510,0.135029354,2.807018935,12/23/20
MEDSTAR HARBOR HOSPITAL,12/4/20,24510,0.067405958,1.401249388,12/23/20
UNIVERSITY OF MD MEDICAL CENTER MIDTOWN CAMPUS,12/4/20,24510,0.038486628,0.800068199,12/23/20
MERCY MEDICAL CENTER INC,12/4/20,24510,0.037834312,0.786507721,12/23/20
U P M C WESTERN MARYLAND,12/4/20,24001,1,6.204368702,12/24/20
UMD BALTIMORE WASHINGTON  MEDICAL CENTER,12/4/20,24003,0.52165088,11.52779776,12/24/20
ANNE ARUNDEL MEDICAL CENTER,12/4/20,24003,0.47834912,10.57088589,12/24/20
MEDSTAR FRANKLIN SQUARE MEDICAL CENTER,12/4/20,24005,0.407535563,11.62349336,12/24/20
GREATER BALTIMORE MEDICAL CENTER,12/4/20,24005,0.199923106,5.702091085,12/24/20
UNIVERSITY OF MD ST JOSEPH MEDICAL CENTER,12/4/20,24005,0.199923106,5.702091085,12/24/20
NORTHWEST HOSPITAL CENTER,12/4/20,24005,0.192618224,5.493745449,12/24/20
CALVERTHEALTH MEDICAL CENTER,12/4/20,24009,1,1.889020617,12/24/20
CARROLL HOSPITAL CENTER,12/4/20,24013,1,5.983675595,12/24/20
UNION HOSPITAL OF CECIL COUNTY,12/4/20,24015,1,4.919303511,12/24/20
UMD CHARLES REGIONAL  MEDICAL CENTER,12/4/20,24017,1,4.889323059,12/24/20
FREDERICK HEALTH HOSPITAL,12/4/20,24021,1,11.67811247,12/24/20
GARRETT COUNTY MEMORIAL HOSPITAL,12/4/20,24023,1,1.975756214,12/24/20
UNIVERSITY OF MD HARFORD MEMORIAL HOSPITAL,12/4/20,24025,0.222047244,1.487020854,12/24/20
UMD UPPER CHESAPEAKE MEDICAL CENTER,12/4/20,24025,0.777952756,5.209846111,12/24/20
HOWARD COUNTY GENERAL HOSPITAL,12/4/20,24027,1,9.399862258,12/24/20
UMD SHORE MEDICAL CTR AT CHESTERTOWN,12/4/20,24029,1,0.634581832,12/24/20
HOLY CROSS HOSPITAL,12/4/20,24031,0.354497354,13.46048629,12/24/20
MEDSTAR MONTGOMERY MEDICAL CENTER,12/4/20,24031,0.152218152,5.779818455,12/24/20
SUBURBAN HOSPITAL,12/4/20,24031,0.133089133,5.053477633,12/24/20
ADVENTIST HEALTHCARE SHADY GROVE MEDICAL CENTER,12/4/20,24031,0.266992267,10.13786339,12/24/20
HOLY CROSS GERMANTOWN HOSPITAL,12/4/20,24031,0.093203093,3.538979749,12/24/20
UMD PRINCE GEORGE'S HOSPITAL CTR,12/4/20,24033,0.283756684,10.3032649,12/24/20
ADVENTIST HEALTHCARE WHITE OAK MEDICAL CENTER,12/4/20,24033,0.344251337,12.49983846,12/24/20
MEDSTAR SOUTHERN MARYLAND HOSPITAL CENTER,12/4/20,24033,0.155748663,5.655266719,12/24/20
DOCTORS'  COMMUNITY HOSPITAL,12/4/20,24033,0.174131016,6.322733821,12/24/20
ADVENTIST HEALTHCARE FORT WASHINGTON MEDICAL CTR,12/4/20,24033,0.042112299,1.529106452,12/24/20
MEDSTAR SAINT MARY'S HOSPITAL,12/4/20,24037,1,3.415970544,12/24/20
UMD SHORE MEDICAL CENTER AT EASTON,12/4/20,24041,1,0.92585207,12/24/20
MERITUS MEDICAL CENTER,12/4/20,24043,1,8.7250735,12/24/20
"TIDALHEALTH PENINSULA REGIONAL, INC",12/4/20,24045,1,3.061043775,12/24/20
ATLANTIC GENERAL HOSPITAL,12/4/20,24047,1,1.502744644,12/24/20
SAINT AGNES HOSPITAL,12/4/20,24510,0.083931289,1.748869231,12/24/20
UNIVERSITY OF MARYLAND MEDICAL CENTER,12/4/20,24510,0.144161774,3.003886788,12/24/20
SINAI HOSPITAL OF BALTIMORE,12/4/20,24510,0.157860404,3.289323994,12/24/20
"GRACE MEDICAL CENTER, INC",12/4/20,24510,0.004348771,0.090614986,12/24/20
MEDSTAR GOOD SAMARITAN HOSPITAL,12/4/20,24510,0.099369428,2.070552431,12/24/20
JOHNS HOPKINS BAYVIEW MEDICAL CENTER,12/4/20,24510,0.077408132,1.612946752,12/24/20
BALTIMORE CONVENTION CENTER ALTERNATE CARE SITE,12/4/20,24510,0.056534029,1.177994819,12/24/20
MEDSTAR UNION MEMORIAL HOSPITAL,12/4/20,24510,0.09762992,2.034306437,12/24/20
"JOHNS HOPKINS HOSPITAL, THE",12/4/20,24510,0.135029354,2.813595317,12/24/20
MEDSTAR HARBOR HOSPITAL,12/4/20,24510,0.067405958,1.404532284,12/24/20
UNIVERSITY OF MD MEDICAL CENTER MIDTOWN CAMPUS,12/4/20,24510,0.038486628,0.801942627,12/24/20
MERCY MEDICAL CENTER INC,12/4/20,24510,0.037834312,0.788350379,12/24/20
U P M C WESTERN MARYLAND,12/4/20,24001,1,6.32280036,12/25/20
UMD BALTIMORE WASHINGTON  MEDICAL CENTER,12/4/20,24003,0.52165088,11.74784532,12/25/20
ANNE ARUNDEL MEDICAL CENTER,12/4/20,24003,0.47834912,10.7726675,12/25/20
MEDSTAR FRANKLIN SQUARE MEDICAL CENTER,12/4/20,24005,0.407535563,11.8453676,12/25/20
GREATER BALTIMORE MEDICAL CENTER,12/4/20,24005,0.199923106,5.810935051,12/25/20
UNIVERSITY OF MD ST JOSEPH MEDICAL CENTER,12/4/20,24005,0.199923106,5.810935051,12/25/20
NORTHWEST HOSPITAL CENTER,12/4/20,24005,0.192618224,5.598612425,12/25/20
CALVERTHEALTH MEDICAL CENTER,12/4/20,24009,1,1.925079055,12/25/20
CARROLL HOSPITAL CENTER,12/4/20,24013,1,6.097894568,12/25/20
UNION HOSPITAL OF CECIL COUNTY,12/4/20,24015,1,5.013205292,12/25/20
UMD CHARLES REGIONAL  MEDICAL CENTER,12/4/20,24017,1,4.982652561,12/25/20
FREDERICK HEALTH HOSPITAL,12/4/20,24021,1,11.9010293,12/25/20
GARRETT COUNTY MEMORIAL HOSPITAL,12/4/20,24023,1,2.013470298,12/25/20
UNIVERSITY OF MD HARFORD MEMORIAL HOSPITAL,12/4/20,24025,0.222047244,1.515405747,12/25/20
UMD UPPER CHESAPEAKE MEDICAL CENTER,12/4/20,24025,0.777952756,5.309293895,12/25/20
HOWARD COUNTY GENERAL HOSPITAL,12/4/20,24027,1,9.579290871,12/25/20
UMD SHORE MEDICAL CTR AT CHESTERTOWN,12/4/20,24029,1,0.646695003,12/25/20
HOLY CROSS HOSPITAL,12/4/20,24031,0.354497354,13.71742585,12/25/20
MEDSTAR MONTGOMERY MEDICAL CENTER,12/4/20,24031,0.152218152,5.890146115,12/25/20
SUBURBAN HOSPITAL,12/4/20,24031,0.133089133,5.149940587,12/25/20
ADVENTIST HEALTHCARE SHADY GROVE MEDICAL CENTER,12/4/20,24031,0.266992267,10.33137928,12/25/20
HOLY CROSS GERMANTOWN HOSPITAL,12/4/20,24031,0.093203093,3.606533317,12/25/20
UMD PRINCE GEORGE'S HOSPITAL CTR,12/4/20,24033,0.283756684,10.49993805,12/25/20
ADVENTIST HEALTHCARE WHITE OAK MEDICAL CENTER,12/4/20,24033,0.344251337,12.73844075,12/25/20
MEDSTAR SOUTHERN MARYLAND HOSPITAL CENTER,12/4/20,24033,0.155748663,5.763216882,12/25/20
DOCTORS'  COMMUNITY HOSPITAL,12/4/20,24033,0.174131016,6.443424883,12/25/20
ADVENTIST HEALTHCARE FORT WASHINGTON MEDICAL CTR,12/4/20,24033,0.042112299,1.558294693,12/25/20
MEDSTAR SAINT MARY'S HOSPITAL,12/4/20,24037,1,3.481176059,12/25/20
UMD SHORE MEDICAL CENTER AT EASTON,12/4/20,24041,1,0.943525132,12/25/20
MERITUS MEDICAL CENTER,12/4/20,24043,1,8.891621455,12/25/20
"TIDALHEALTH PENINSULA REGIONAL, INC",12/4/20,24045,1,3.119474295,12/25/20
ATLANTIC GENERAL HOSPITAL,12/4/20,24047,1,1.531429681,12/25/20
SAINT AGNES HOSPITAL,12/4/20,24510,0.083931289,1.782252399,12/25/20
UNIVERSITY OF MARYLAND MEDICAL CENTER,12/4/20,24510,0.144161774,3.06122627,12/25/20
SINAI HOSPITAL OF BALTIMORE,12/4/20,24510,0.157860404,3.352112025,12/25/20
"GRACE MEDICAL CENTER, INC",12/4/20,24510,0.004348771,0.092344684,12/25/20
MEDSTAR GOOD SAMARITAN HOSPITAL,12/4/20,24510,0.099369428,2.110076027,12/25/20
JOHNS HOPKINS BAYVIEW MEDICAL CENTER,12/4/20,24510,0.077408132,1.643735373,12/25/20
BALTIMORE CONVENTION CENTER ALTERNATE CARE SITE,12/4/20,24510,0.056534029,1.20048089,12/25/20
MEDSTAR UNION MEMORIAL HOSPITAL,12/4/20,24510,0.09762992,2.073138153,12/25/20
"JOHNS HOPKINS HOSPITAL, THE",12/4/20,24510,0.135029354,2.867302434,12/25/20
MEDSTAR HARBOR HOSPITAL,12/4/20,24510,0.067405958,1.4313426,12/25/20
UNIVERSITY OF MD MEDICAL CENTER MIDTOWN CAMPUS,12/4/20,24510,0.038486628,0.817250452,12/25/20
MERCY MEDICAL CENTER INC,12/4/20,24510,0.037834312,0.80339875,12/25/20
U P M C WESTERN MARYLAND,12/4/20,24001,1,6.436398073,12/26/20
UMD BALTIMORE WASHINGTON  MEDICAL CENTER,12/4/20,24003,0.52165088,11.95891135,12/26/20
ANNE ARUNDEL MEDICAL CENTER,12/4/20,24003,0.47834912,10.96621313,12/26/20
MEDSTAR FRANKLIN SQUARE MEDICAL CENTER,12/4/20,24005,0.407535563,12.05818575,12/26/20
GREATER BALTIMORE MEDICAL CENTER,12/4/20,24005,0.199923106,5.915336408,12/26/20
UNIVERSITY OF MD ST JOSEPH MEDICAL CENTER,12/4/20,24005,0.199923106,5.915336408,12/26/20
NORTHWEST HOSPITAL CENTER,12/4/20,24005,0.192618224,5.699199116,12/26/20
CALVERTHEALTH MEDICAL CENTER,12/4/20,24009,1,1.95966572,12/26/20
CARROLL HOSPITAL CENTER,12/4/20,24013,1,6.207451542,12/26/20
UNION HOSPITAL OF CECIL COUNTY,12/4/20,24015,1,5.103274348,12/26/20
UMD CHARLES REGIONAL  MEDICAL CENTER,12/4/20,24017,1,5.072172695,12/26/20
FREDERICK HEALTH HOSPITAL,12/4/20,24021,1,12.11484749,12/26/20
GARRETT COUNTY MEMORIAL HOSPITAL,12/4/20,24023,1,2.049645032,12/26/20
UNIVERSITY OF MD HARFORD MEMORIAL HOSPITAL,12/4/20,24025,0.222047244,1.542632074,12/26/20
UMD UPPER CHESAPEAKE MEDICAL CENTER,12/4/20,24025,0.777952756,5.404682585,12/26/20
HOWARD COUNTY GENERAL HOSPITAL,12/4/20,24027,1,9.751395868,12/26/20
UMD SHORE MEDICAL CTR AT CHESTERTOWN,12/4/20,24029,1,0.658313759,12/26/20
HOLY CROSS HOSPITAL,12/4/20,24031,0.354497354,13.96387807,12/26/20
MEDSTAR MONTGOMERY MEDICAL CENTER,12/4/20,24031,0.152218152,5.995970606,12/26/20
SUBURBAN HOSPITAL,12/4/20,24031,0.133089133,5.242466278,12/26/20
ADVENTIST HEALTHCARE SHADY GROVE MEDICAL CENTER,12/4/20,24031,0.266992267,10.51699657,12/26/20
HOLY CROSS GERMANTOWN HOSPITAL,12/4/20,24031,0.093203093,3.671329596,12/26/20
UMD PRINCE GEORGE'S HOSPITAL CTR,12/4/20,24033,0.283756684,10.68858373,12/26/20
ADVENTIST HEALTHCARE WHITE OAK MEDICAL CENTER,12/4/20,24033,0.344251337,12.96730417,12/26/20
MEDSTAR SOUTHERN MARYLAND HOSPITAL CENTER,12/4/20,24033,0.155748663,5.866760916,12/26/20
DOCTORS'  COMMUNITY HOSPITAL,12/4/20,24033,0.174131016,6.55918978,12/26/20
ADVENTIST HEALTHCARE FORT WASHINGTON MEDICAL CTR,12/4/20,24033,0.042112299,1.586291578,12/26/20
MEDSTAR SAINT MARY'S HOSPITAL,12/4/20,24037,1,3.543720124,12/26/20
UMD SHORE MEDICAL CENTER AT EASTON,12/4/20,24041,1,0.960476845,12/26/20
MERITUS MEDICAL CENTER,12/4/20,24043,1,9.051371535,12/26/20
"TIDALHEALTH PENINSULA REGIONAL, INC",12/4/20,24045,1,3.175519896,12/26/20
ATLANTIC GENERAL HOSPITAL,12/4/20,24047,1,1.558943899,12/26/20
SAINT AGNES HOSPITAL,12/4/20,24510,0.083931289,1.814272989,12/26/20
UNIVERSITY OF MARYLAND MEDICAL CENTER,12/4/20,24510,0.144161774,3.116225366,12/26/20
SINAI HOSPITAL OF BALTIMORE,12/4/20,24510,0.157860404,3.412337279,12/26/20
"GRACE MEDICAL CENTER, INC",12/4/20,24510,0.004348771,0.094003782,12/26/20
MEDSTAR GOOD SAMARITAN HOSPITAL,12/4/20,24510,0.099369428,2.147986414,12/26/20
JOHNS HOPKINS BAYVIEW MEDICAL CENTER,12/4/20,24510,0.077408132,1.673267316,12/26/20
BALTIMORE CONVENTION CENTER ALTERNATE CARE SITE,12/4/20,24510,0.056534029,1.222049163,12/26/20
MEDSTAR UNION MEMORIAL HOSPITAL,12/4/20,24510,0.09762992,2.110384901,12/26/20
"JOHNS HOPKINS HOSPITAL, THE",12/4/20,24510,0.135029354,2.918817425,12/26/20
MEDSTAR HARBOR HOSPITAL,12/4/20,24510,0.067405958,1.457058618,12/26/20
UNIVERSITY OF MD MEDICAL CENTER MIDTOWN CAMPUS,12/4/20,24510,0.038486628,0.831933469,12/26/20
MERCY MEDICAL CENTER INC,12/4/20,24510,0.037834312,0.817832902,12/26/20
U P M C WESTERN MARYLAND,12/4/20,24001,1,6.569331567,12/27/20
UMD BALTIMORE WASHINGTON  MEDICAL CENTER,12/4/20,24003,0.52165088,12.20590351,12/27/20
ANNE ARUNDEL MEDICAL CENTER,12/4/20,24003,0.47834912,11.1927027,12/27/20
MEDSTAR FRANKLIN SQUARE MEDICAL CENTER,12/4/20,24005,0.407535563,12.30722827,12/27/20
GREATER BALTIMORE MEDICAL CENTER,12/4/20,24005,0.199923106,6.037508207,12/27/20
UNIVERSITY OF MD ST JOSEPH MEDICAL CENTER,12/4/20,24005,0.199923106,6.037508207,12/27/20
NORTHWEST HOSPITAL CENTER,12/4/20,24005,0.192618224,5.816906946,12/27/20
CALVERTHEALTH MEDICAL CENTER,12/4/20,24009,1,2.000139477,12/27/20
CARROLL HOSPITAL CENTER,12/4/20,24013,1,6.335656512,12/27/20
UNION HOSPITAL OF CECIL COUNTY,12/4/20,24015,1,5.208674306,12/27/20
UMD CHARLES REGIONAL  MEDICAL CENTER,12/4/20,24017,1,5.176930298,12/27/20
FREDERICK HEALTH HOSPITAL,12/4/20,24021,1,12.36506026,12/27/20
GARRETT COUNTY MEMORIAL HOSPITAL,12/4/20,24023,1,2.091977167,12/27/20
UNIVERSITY OF MD HARFORD MEMORIAL HOSPITAL,12/4/20,24025,0.222047244,1.574492669,12/27/20
UMD UPPER CHESAPEAKE MEDICAL CENTER,12/4/20,24025,0.777952756,5.516307647,12/27/20
HOWARD COUNTY GENERAL HOSPITAL,12/4/20,24027,1,9.952795332,12/27/20
UMD SHORE MEDICAL CTR AT CHESTERTOWN,12/4/20,24029,1,0.671910175,12/27/20
HOLY CROSS HOSPITAL,12/4/20,24031,0.354497354,14.25227961,12/27/20
MEDSTAR MONTGOMERY MEDICAL CENTER,12/4/20,24031,0.152218152,6.119807776,12/27/20
SUBURBAN HOSPITAL,12/4/20,24031,0.133089133,5.350741023,12/27/20
ADVENTIST HEALTHCARE SHADY GROVE MEDICAL CENTER,12/4/20,24031,0.266992267,10.73420829,12/27/20
HOLY CROSS GERMANTOWN HOSPITAL,12/4/20,24031,0.093203093,3.747155028,12/27/20
UMD PRINCE GEORGE'S HOSPITAL CTR,12/4/20,24033,0.283756684,10.90933931,12/27/20
ADVENTIST HEALTHCARE WHITE OAK MEDICAL CENTER,12/4/20,24033,0.344251337,13.23512307,12/27/20
MEDSTAR SOUTHERN MARYLAND HOSPITAL CENTER,12/4/20,24033,0.155748663,5.987929467,12/27/20
DOCTORS'  COMMUNITY HOSPITAL,12/4/20,24033,0.174131016,6.69465934,12/27/20
ADVENTIST HEALTHCARE FORT WASHINGTON MEDICAL CTR,12/4/20,24033,0.042112299,1.61905389,12/27/20
MEDSTAR SAINT MARY'S HOSPITAL,12/4/20,24037,1,3.616909988,12/27/20
UMD SHORE MEDICAL CENTER AT EASTON,12/4/20,24041,1,0.980313956,12/27/20
MERITUS MEDICAL CENTER,12/4/20,24043,1,9.238313118,12/27/20
"TIDALHEALTH PENINSULA REGIONAL, INC",12/4/20,24045,1,3.241105173,12/27/20
ATLANTIC GENERAL HOSPITAL,12/4/20,24047,1,1.591141388,12/27/20
SAINT AGNES HOSPITAL,12/4/20,24510,0.083931289,1.851743891,12/27/20
UNIVERSITY OF MARYLAND MEDICAL CENTER,12/4/20,24510,0.144161774,3.18058601,12/27/20
SINAI HOSPITAL OF BALTIMORE,12/4/20,24510,0.157860404,3.48281364,12/27/20
"GRACE MEDICAL CENTER, INC",12/4/20,24510,0.004348771,0.095945279,12/27/20
MEDSTAR GOOD SAMARITAN HOSPITAL,12/4/20,24510,0.099369428,2.192349633,12/27/20
JOHNS HOPKINS BAYVIEW MEDICAL CENTER,12/4/20,24510,0.077408132,1.707825972,12/27/20
BALTIMORE CONVENTION CENTER ALTERNATE CARE SITE,12/4/20,24510,0.056534029,1.247288632,12/27/20
MEDSTAR UNION MEMORIAL HOSPITAL,12/4/20,24510,0.09762992,2.153971521,12/27/20
"JOHNS HOPKINS HOSPITAL, THE",12/4/20,24510,0.135029354,2.979100924,12/27/20
MEDSTAR HARBOR HOSPITAL,12/4/20,24510,0.067405958,1.48715183,12/27/20
UNIVERSITY OF MD MEDICAL CENTER MIDTOWN CAMPUS,12/4/20,24510,0.038486628,0.849115722,12/27/20
MERCY MEDICAL CENTER INC,12/4/20,24510,0.037834312,0.83472393,12/27/20
U P M C WESTERN MARYLAND,12/4/20,24001,1,6.378390731,12/28/20
UMD BALTIMORE WASHINGTON  MEDICAL CENTER,12/4/20,24003,0.52165088,11.85113295,12/28/20
ANNE ARUNDEL MEDICAL CENTER,12/4/20,24003,0.47834912,10.86738132,12/28/20
MEDSTAR FRANKLIN SQUARE MEDICAL CENTER,12/4/20,24005,0.407535563,11.94951266,12/28/20
GREATER BALTIMORE MEDICAL CENTER,12/4/20,24005,0.199923106,5.862025077,12/28/20
UNIVERSITY OF MD ST JOSEPH MEDICAL CENTER,12/4/20,24005,0.199923106,5.862025077,12/28/20
NORTHWEST HOSPITAL CENTER,12/4/20,24005,0.192618224,5.647835699,12/28/20
CALVERTHEALTH MEDICAL CENTER,12/4/20,24009,1,1.942004444,12/28/20
CARROLL HOSPITAL CENTER,12/4/20,24013,1,6.151507556,12/28/20
UNION HOSPITAL OF CECIL COUNTY,12/4/20,24015,1,5.057281639,12/28/20
UMD CHARLES REGIONAL  MEDICAL CENTER,12/4/20,24017,1,5.026460286,12/28/20
FREDERICK HEALTH HOSPITAL,12/4/20,24021,1,12.00566373,12/28/20
GARRETT COUNTY MEMORIAL HOSPITAL,12/4/20,24023,1,2.031172827,12/28/20
UNIVERSITY OF MD HARFORD MEMORIAL HOSPITAL,12/4/20,24025,0.222047244,1.528729269,12/28/20
UMD UPPER CHESAPEAKE MEDICAL CENTER,12/4/20,24025,0.777952756,5.355973466,12/28/20
HOWARD COUNTY GENERAL HOSPITAL,12/4/20,24027,1,9.663512465,12/28/20
UMD SHORE MEDICAL CTR AT CHESTERTOWN,12/4/20,24029,1,0.652380777,12/28/20
HOLY CROSS HOSPITAL,12/4/20,24031,0.354497354,13.83803013,12/28/20
MEDSTAR MONTGOMERY MEDICAL CENTER,12/4/20,24031,0.152218152,5.941932568,12/28/20
SUBURBAN HOSPITAL,12/4/20,24031,0.133089133,5.195219117,12/28/20
ADVENTIST HEALTHCARE SHADY GROVE MEDICAL CENTER,12/4/20,24031,0.266992267,10.42221327,12/28/20
HOLY CROSS GERMANTOWN HOSPITAL,12/4/20,24031,0.093203093,3.638242134,12/28/20
UMD PRINCE GEORGE'S HOSPITAL CTR,12/4/20,24033,0.283756684,10.59225402,12/28/20
ADVENTIST HEALTHCARE WHITE OAK MEDICAL CENTER,12/4/20,24033,0.344251337,12.85043774,12/28/20
MEDSTAR SOUTHERN MARYLAND HOSPITAL CENTER,12/4/20,24033,0.155748663,5.813887367,12/28/20
DOCTORS'  COMMUNITY HOSPITAL,12/4/20,24033,0.174131016,6.50007579,12/28/20
ADVENTIST HEALTHCARE FORT WASHINGTON MEDICAL CTR,12/4/20,24033,0.042112299,1.571995297,12/28/20
MEDSTAR SAINT MARY'S HOSPITAL,12/4/20,24037,1,3.511782729,12/28/20
UMD SHORE MEDICAL CENTER AT EASTON,12/4/20,24041,1,0.951820651,12/28/20
MERITUS MEDICAL CENTER,12/4/20,24043,1,8.969797026,12/28/20
"TIDALHEALTH PENINSULA REGIONAL, INC",12/4/20,24045,1,3.146900866,12/28/20
ATLANTIC GENERAL HOSPITAL,12/4/20,24047,1,1.544894085,12/28/20
SAINT AGNES HOSPITAL,12/4/20,24510,0.083931289,1.797922049,12/28/20
UNIVERSITY OF MARYLAND MEDICAL CENTER,12/4/20,24510,0.144161774,3.088140722,12/28/20
SINAI HOSPITAL OF BALTIMORE,12/4/20,24510,0.157860404,3.381583958,12/28/20
"GRACE MEDICAL CENTER, INC",12/4/20,24510,0.004348771,0.093156583,12/28/20
MEDSTAR GOOD SAMARITAN HOSPITAL,12/4/20,24510,0.099369428,2.128627918,12/28/20
JOHNS HOPKINS BAYVIEW MEDICAL CENTER,12/4/20,24510,0.077408132,1.658187175,12/28/20
BALTIMORE CONVENTION CENTER ALTERNATE CARE SITE,12/4/20,24510,0.056534029,1.211035577,12/28/20
MEDSTAR UNION MEMORIAL HOSPITAL,12/4/20,24510,0.09762992,2.091365285,12/28/20
"JOHNS HOPKINS HOSPITAL, THE",12/4/20,24510,0.135029354,2.892511898,12/28/20
MEDSTAR HARBOR HOSPITAL,12/4/20,24510,0.067405958,1.443927034,12/28/20
UNIVERSITY OF MD MEDICAL CENTER MIDTOWN CAMPUS,12/4/20,24510,0.038486628,0.824435758,12/28/20
MERCY MEDICAL CENTER INC,12/4/20,24510,0.037834312,0.810462271,12/28/20
U P M C WESTERN MARYLAND,12/4/20,24001,1,6.288962744,12/29/20
UMD BALTIMORE WASHINGTON  MEDICAL CENTER,12/4/20,24003,0.52165088,11.68497459,12/29/20
ANNE ARUNDEL MEDICAL CENTER,12/4/20,24003,0.47834912,10.71501561,12/29/20
MEDSTAR FRANKLIN SQUARE MEDICAL CENTER,12/4/20,24005,0.407535563,11.78197496,12/29/20
GREATER BALTIMORE MEDICAL CENTER,12/4/20,24005,0.199923106,5.779836775,12/29/20
UNIVERSITY OF MD ST JOSEPH MEDICAL CENTER,12/4/20,24005,0.199923106,5.779836775,12/29/20
NORTHWEST HOSPITAL CENTER,12/4/20,24005,0.192618224,5.568650432,12/29/20
CALVERTHEALTH MEDICAL CENTER,12/4/20,24009,1,1.914776644,12/29/20
CARROLL HOSPITAL CENTER,12/4/20,24013,1,6.065260576,12/29/20
UNION HOSPITAL OF CECIL COUNTY,12/4/20,24015,1,4.986376212,12/29/20
UMD CHARLES REGIONAL  MEDICAL CENTER,12/4/20,24017,1,4.955986989,12/29/20
FREDERICK HEALTH HOSPITAL,12/4/20,24021,1,11.83733878,12/29/20
GARRETT COUNTY MEMORIAL HOSPITAL,12/4/20,24023,1,2.002694845,12/29/20
UNIVERSITY OF MD HARFORD MEMORIAL HOSPITAL,12/4/20,24025,0.222047244,1.507295778,12/29/20
UMD UPPER CHESAPEAKE MEDICAL CENTER,12/4/20,24025,0.777952756,5.280880242,12/29/20
HOWARD COUNTY GENERAL HOSPITAL,12/4/20,24027,1,9.528025553,12/29/20
UMD SHORE MEDICAL CTR AT CHESTERTOWN,12/4/20,24029,1,0.643234097,12/29/20
HOLY CROSS HOSPITAL,12/4/20,24031,0.354497354,13.64401455,12/29/20
MEDSTAR MONTGOMERY MEDICAL CENTER,12/4/20,24031,0.152218152,5.858623927,12/29/20
SUBURBAN HOSPITAL,12/4/20,24031,0.133089133,5.122379743,12/29/20
ADVENTIST HEALTHCARE SHADY GROVE MEDICAL CENTER,12/4/20,24031,0.266992267,10.27608903,12/29/20
HOLY CROSS GERMANTOWN HOSPITAL,12/4/20,24031,0.093203093,3.587232297,12/29/20
UMD PRINCE GEORGE'S HOSPITAL CTR,12/4/20,24033,0.283756684,10.44374572,12/29/20
ADVENTIST HEALTHCARE WHITE OAK MEDICAL CENTER,12/4/20,24033,0.344251337,12.67026866,12/29/20
MEDSTAR SOUTHERN MARYLAND HOSPITAL CENTER,12/4/20,24033,0.155748663,5.732373978,12/29/20
DOCTORS'  COMMUNITY HOSPITAL,12/4/20,24033,0.174131016,6.408941723,12/29/20
ADVENTIST HEALTHCARE FORT WASHINGTON MEDICAL CTR,12/4/20,24033,0.042112299,1.549955196,12/29/20
MEDSTAR SAINT MARY'S HOSPITAL,12/4/20,24037,1,3.462545912,12/29/20
UMD SHORE MEDICAL CENTER AT EASTON,12/4/20,24041,1,0.938475686,12/29/20
MERITUS MEDICAL CENTER,12/4/20,24043,1,8.844036325,12/29/20
"TIDALHEALTH PENINSULA REGIONAL, INC",12/4/20,24045,1,3.102779861,12/29/20
ATLANTIC GENERAL HOSPITAL,12/4/20,24047,1,1.523233956,12/29/20
SAINT AGNES HOSPITAL,12/4/20,24510,0.083931289,1.772714351,12/29/20
UNIVERSITY OF MARYLAND MEDICAL CENTER,12/4/20,24510,0.144161774,3.044843561,12/29/20
SINAI HOSPITAL OF BALTIMORE,12/4/20,24510,0.157860404,3.334172587,12/29/20
"GRACE MEDICAL CENTER, INC",12/4/20,24510,0.004348771,0.091850484,12/29/20
MEDSTAR GOOD SAMARITAN HOSPITAL,12/4/20,24510,0.099369428,2.098783571,12/29/20
JOHNS HOPKINS BAYVIEW MEDICAL CENTER,12/4/20,24510,0.077408132,1.634938624,12/29/20
BALTIMORE CONVENTION CENTER ALTERNATE CARE SITE,12/4/20,24510,0.056534029,1.194056298,12/29/20
MEDSTAR UNION MEMORIAL HOSPITAL,12/4/20,24510,0.09762992,2.062043377,12/29/20
"JOHNS HOPKINS HOSPITAL, THE",12/4/20,24510,0.135029354,2.851957544,12/29/20
MEDSTAR HARBOR HOSPITAL,12/4/20,24510,0.067405958,1.42368251,12/29/20
UNIVERSITY OF MD MEDICAL CENTER MIDTOWN CAMPUS,12/4/20,24510,0.038486628,0.812876788,12/29/20
MERCY MEDICAL CENTER INC,12/4/20,24510,0.037834312,0.799099215,12/29/20
U P M C WESTERN MARYLAND,12/4/20,24001,1,6.489571471,12/30/20
UMD BALTIMORE WASHINGTON  MEDICAL CENTER,12/4/20,24003,0.52165088,12.05770822,12/30/20
ANNE ARUNDEL MEDICAL CENTER,12/4/20,24003,0.47834912,11.05680896,12/30/20
MEDSTAR FRANKLIN SQUARE MEDICAL CENTER,12/4/20,24005,0.407535563,12.15780276,12/30/20
GREATER BALTIMORE MEDICAL CENTER,12/4/20,24005,0.199923106,5.964205127,12/30/20
UNIVERSITY OF MD ST JOSEPH MEDICAL CENTER,12/4/20,24005,0.199923106,5.964205127,12/30/20
NORTHWEST HOSPITAL CENTER,12/4/20,24005,0.192618224,5.746282248,12/30/20
CALVERTHEALTH MEDICAL CENTER,12/4/20,24009,1,1.975855222,12/30/20
CARROLL HOSPITAL CENTER,12/4/20,24013,1,6.25873353,12/30/20
UNION HOSPITAL OF CECIL COUNTY,12/4/20,24015,1,5.145434331,12/30/20
UMD CHARLES REGIONAL  MEDICAL CENTER,12/4/20,24017,1,5.114075736,12/30/20
FREDERICK HEALTH HOSPITAL,12/4/20,24021,1,12.2149326,12/30/20
GARRETT COUNTY MEMORIAL HOSPITAL,12/4/20,24023,1,2.066577886,12/30/20
UNIVERSITY OF MD HARFORD MEMORIAL HOSPITAL,12/4/20,24025,0.222047244,1.555376312,12/30/20
UMD UPPER CHESAPEAKE MEDICAL CENTER,12/4/20,24025,0.777952756,5.44933261,12/30/20
HOWARD COUNTY GENERAL HOSPITAL,12/4/20,24027,1,9.831955653,12/30/20
UMD SHORE MEDICAL CTR AT CHESTERTOWN,12/4/20,24029,1,0.663752326,12/30/20
HOLY CROSS HOSPITAL,12/4/20,24031,0.354497354,14.07923868,12/30/20
MEDSTAR MONTGOMERY MEDICAL CENTER,12/4/20,24031,0.152218152,6.045505474,12/30/20
SUBURBAN HOSPITAL,12/4/20,24031,0.133089133,5.285776176,12/30/20
ADVENTIST HEALTHCARE SHADY GROVE MEDICAL CENTER,12/4/20,24031,0.266992267,10.60388126,12/30/20
HOLY CROSS GERMANTOWN HOSPITAL,12/4/20,24031,0.093203093,3.701659769,12/30/20
UMD PRINCE GEORGE'S HOSPITAL CTR,12/4/20,24033,0.283756684,10.77688596,12/30/20
ADVENTIST HEALTHCARE WHITE OAK MEDICAL CENTER,12/4/20,24033,0.344251337,13.07443173,12/30/20
MEDSTAR SOUTHERN MARYLAND HOSPITAL CENTER,12/4/20,24033,0.155748663,5.915228337,12/30/20
DOCTORS'  COMMUNITY HOSPITAL,12/4/20,24033,0.174131016,6.613377604,12/30/20
ADVENTIST HEALTHCARE FORT WASHINGTON MEDICAL CTR,12/4/20,24033,0.042112299,1.599396503,12/30/20
MEDSTAR SAINT MARY'S HOSPITAL,12/4/20,24037,1,3.57299607,12/30/20
UMD SHORE MEDICAL CENTER AT EASTON,12/4/20,24041,1,0.968411689,12/30/20
MERITUS MEDICAL CENTER,12/4/20,24043,1,9.126148168,12/30/20
"TIDALHEALTH PENINSULA REGIONAL, INC",12/4/20,24045,1,3.201754007,12/30/20
ATLANTIC GENERAL HOSPITAL,12/4/20,24047,1,1.571822895,12/30/20
SAINT AGNES HOSPITAL,12/4/20,24510,0.083931289,1.82926135,12/30/20
UNIVERSITY OF MARYLAND MEDICAL CENTER,12/4/20,24510,0.144161774,3.141969624,12/30/20
SINAI HOSPITAL OF BALTIMORE,12/4/20,24510,0.157860404,3.440527823,12/30/20
"GRACE MEDICAL CENTER, INC",12/4/20,24510,0.004348771,0.094780381,12/30/20
MEDSTAR GOOD SAMARITAN HOSPITAL,12/4/20,24510,0.099369428,2.165731702,12/30/20
JOHNS HOPKINS BAYVIEW MEDICAL CENTER,12/4/20,24510,0.077408132,1.687090778,12/30/20
BALTIMORE CONVENTION CENTER ALTERNATE CARE SITE,12/4/20,24510,0.056534029,1.232144951,12/30/20
MEDSTAR UNION MEMORIAL HOSPITAL,12/4/20,24510,0.09762992,2.127819549,12/30/20
"JOHNS HOPKINS HOSPITAL, THE",12/4/20,24510,0.135029354,2.942930824,12/30/20
MEDSTAR HARBOR HOSPITAL,12/4/20,24510,0.067405958,1.469095903,12/30/20
UNIVERSITY OF MD MEDICAL CENTER MIDTOWN CAMPUS,12/4/20,24510,0.038486628,0.83880637,12/30/20
MERCY MEDICAL CENTER INC,12/4/20,24510,0.037834312,0.824589313,12/30/20
U P M C WESTERN MARYLAND,12/4/20,24001,1,6.450899909,12/31/20
UMD BALTIMORE WASHINGTON  MEDICAL CENTER,12/4/20,24003,0.52165088,11.98585595,12/31/20
ANNE ARUNDEL MEDICAL CENTER,12/4/20,24003,0.47834912,10.99092109,12/31/20
MEDSTAR FRANKLIN SQUARE MEDICAL CENTER,12/4/20,24005,0.407535563,12.08535403,12/31/20
GREATER BALTIMORE MEDICAL CENTER,12/4/20,24005,0.199923106,5.92866424,12/31/20
UNIVERSITY OF MD ST JOSEPH MEDICAL CENTER,12/4/20,24005,0.199923106,5.92866424,12/31/20
NORTHWEST HOSPITAL CENTER,12/4/20,24005,0.192618224,5.71203997,12/31/20
CALVERTHEALTH MEDICAL CENTER,12/4/20,24009,1,1.964081039,12/31/20
CARROLL HOSPITAL CENTER,12/4/20,24013,1,6.221437539,12/31/20
UNION HOSPITAL OF CECIL COUNTY,12/4/20,24015,1,5.114772525,12/31/20
UMD CHARLES REGIONAL  MEDICAL CENTER,12/4/20,24017,1,5.083600797,12/31/20
FREDERICK HEALTH HOSPITAL,12/4/20,24021,1,12.14214343,12/31/20
GARRETT COUNTY MEMORIAL HOSPITAL,12/4/20,24023,1,2.054263083,12/31/20
UNIVERSITY OF MD HARFORD MEMORIAL HOSPITAL,12/4/20,24025,0.222047244,1.546107775,12/31/20
UMD UPPER CHESAPEAKE MEDICAL CENTER,12/4/20,24025,0.777952756,5.416859864,12/31/20
HOWARD COUNTY GENERAL HOSPITAL,12/4/20,24027,1,9.773366718,12/31/20
UMD SHORE MEDICAL CTR AT CHESTERTOWN,12/4/20,24029,1,0.659797005,12/31/20
HOLY CROSS HOSPITAL,12/4/20,24031,0.354497354,13.99534005,12/31/20
MEDSTAR MONTGOMERY MEDICAL CENTER,12/4/20,24031,0.152218152,6.009480115,12/31/20
SUBURBAN HOSPITAL,12/4/20,24031,0.133089133,5.254278069,12/31/20
ADVENTIST HEALTHCARE SHADY GROVE MEDICAL CENTER,12/4/20,24031,0.266992267,10.54069239,12/31/20
HOLY CROSS GERMANTOWN HOSPITAL,12/4/20,24031,0.093203093,3.679601461,12/31/20
UMD PRINCE GEORGE'S HOSPITAL CTR,12/4/20,24033,0.283756684,10.71266616,12/31/20
ADVENTIST HEALTHCARE WHITE OAK MEDICAL CENTER,12/4/20,24033,0.344251337,12.99652078,12/31/20
MEDSTAR SOUTHERN MARYLAND HOSPITAL CENTER,12/4/20,24033,0.155748663,5.879979304,12/31/20
DOCTORS'  COMMUNITY HOSPITAL,12/4/20,24033,0.174131016,6.573968277,12/31/20
ADVENTIST HEALTHCARE FORT WASHINGTON MEDICAL CTR,12/4/20,24033,0.042112299,1.589865649,12/31/20
MEDSTAR SAINT MARY'S HOSPITAL,12/4/20,24037,1,3.551704473,12/31/20
UMD SHORE MEDICAL CENTER AT EASTON,12/4/20,24041,1,0.962640893,12/31/20
MERITUS MEDICAL CENTER,12/4/20,24043,1,9.071765162,12/31/20
"TIDALHEALTH PENINSULA REGIONAL, INC",12/4/20,24045,1,3.182674653,12/31/20
ATLANTIC GENERAL HOSPITAL,12/4/20,24047,1,1.562456352,12/31/20
SAINT AGNES HOSPITAL,12/4/20,24510,0.083931289,1.818360723,12/31/20
UNIVERSITY OF MARYLAND MEDICAL CENTER,12/4/20,24510,0.144161774,3.123246527,12/31/20
SINAI HOSPITAL OF BALTIMORE,12/4/20,24510,0.157860404,3.420025609,12/31/20
"GRACE MEDICAL CENTER, INC",12/4/20,24510,0.004348771,0.094215582,12/31/20
MEDSTAR GOOD SAMARITAN HOSPITAL,12/4/20,24510,0.099369428,2.152826038,12/31/20
JOHNS HOPKINS BAYVIEW MEDICAL CENTER,12/4/20,24510,0.077408132,1.677037351,12/31/20
BALTIMORE CONVENTION CENTER ALTERNATE CARE SITE,12/4/20,24510,0.056534029,1.22480256,12/31/20
MEDSTAR UNION MEMORIAL HOSPITAL,12/4/20,24510,0.09762992,2.115139805,12/31/20
"JOHNS HOPKINS HOSPITAL, THE",12/4/20,24510,0.135029354,2.925393806,12/31/20
MEDSTAR HARBOR HOSPITAL,12/4/20,24510,0.067405958,1.460341514,12/31/20
UNIVERSITY OF MD MEDICAL CENTER MIDTOWN CAMPUS,12/4/20,24510,0.038486628,0.833807896,12/31/20
MERCY MEDICAL CENTER INC,12/4/20,24510,0.037834312,0.819675559,12/31/20
U P M C WESTERN MARYLAND,12/4/20,24001,1,6.608003129,1/1/21
UMD BALTIMORE WASHINGTON  MEDICAL CENTER,12/4/20,24003,0.52165088,12.27775578,1/1/21
ANNE ARUNDEL MEDICAL CENTER,12/4/20,24003,0.47834912,11.25859058,1/1/21
MEDSTAR FRANKLIN SQUARE MEDICAL CENTER,12/4/20,24005,0.407535563,12.379677,1/1/21
GREATER BALTIMORE MEDICAL CENTER,12/4/20,24005,0.199923106,6.073049094,1/1/21
UNIVERSITY OF MD ST JOSEPH MEDICAL CENTER,12/4/20,24005,0.199923106,6.073049094,1/1/21
NORTHWEST HOSPITAL CENTER,12/4/20,24005,0.192618224,5.851149224,1/1/21
CALVERTHEALTH MEDICAL CENTER,12/4/20,24009,1,2.01191366,1/1/21
CARROLL HOSPITAL CENTER,12/4/20,24013,1,6.372952504,1/1/21
UNION HOSPITAL OF CECIL COUNTY,12/4/20,24015,1,5.239336112,1/1/21
UMD CHARLES REGIONAL  MEDICAL CENTER,12/4/20,24017,1,5.207405237,1/1/21
FREDERICK HEALTH HOSPITAL,12/4/20,24021,1,12.43784943,1/1/21
GARRETT COUNTY MEMORIAL HOSPITAL,12/4/20,24023,1,2.104291971,1/1/21
UNIVERSITY OF MD HARFORD MEMORIAL HOSPITAL,12/4/20,24025,0.222047244,1.583761205,1/1/21
UMD UPPER CHESAPEAKE MEDICAL CENTER,12/4/20,24025,0.777952756,5.548780393,1/1/21
HOWARD COUNTY GENERAL HOSPITAL,12/4/20,24027,1,10.01138427,1/1/21
UMD SHORE MEDICAL CTR AT CHESTERTOWN,12/4/20,24029,1,0.675865497,1/1/21
HOLY CROSS HOSPITAL,12/4/20,24031,0.354497354,14.33617823,1/1/21
MEDSTAR MONTGOMERY MEDICAL CENTER,12/4/20,24031,0.152218152,6.155833134,1/1/21
SUBURBAN HOSPITAL,12/4/20,24031,0.133089133,5.382239131,1/1/21
ADVENTIST HEALTHCARE SHADY GROVE MEDICAL CENTER,12/4/20,24031,0.266992267,10.79739716,1/1/21
HOLY CROSS GERMANTOWN HOSPITAL,12/4/20,24031,0.093203093,3.769213336,1/1/21
UMD PRINCE GEORGE'S HOSPITAL CTR,12/4/20,24033,0.283756684,10.97355911,1/1/21
ADVENTIST HEALTHCARE WHITE OAK MEDICAL CENTER,12/4/20,24033,0.344251337,13.31303402,1/1/21
MEDSTAR SOUTHERN MARYLAND HOSPITAL CENTER,12/4/20,24033,0.155748663,6.0231785,1/1/21
DOCTORS'  COMMUNITY HOSPITAL,12/4/20,24033,0.174131016,6.734068666,1/1/21
ADVENTIST HEALTHCARE FORT WASHINGTON MEDICAL CTR,12/4/20,24033,0.042112299,1.628584745,1/1/21
MEDSTAR SAINT MARY'S HOSPITAL,12/4/20,24037,1,3.638201585,1/1/21
UMD SHORE MEDICAL CENTER AT EASTON,12/4/20,24041,1,0.986084752,1/1/21
MERITUS MEDICAL CENTER,12/4/20,24043,1,9.292696123,1/1/21
"TIDALHEALTH PENINSULA REGIONAL, INC",12/4/20,24045,1,3.260184527,1/1/21
ATLANTIC GENERAL HOSPITAL,12/4/20,24047,1,1.600507931,1/1/21
SAINT AGNES HOSPITAL,12/4/20,24510,0.083931289,1.862644518,1/1/21
UNIVERSITY OF MARYLAND MEDICAL CENTER,12/4/20,24510,0.144161774,3.199309107,1/1/21
SINAI HOSPITAL OF BALTIMORE,12/4/20,24510,0.157860404,3.503315855,1/1/21
"GRACE MEDICAL CENTER, INC",12/4/20,24510,0.004348771,0.096510079,1/1/21
MEDSTAR GOOD SAMARITAN HOSPITAL,12/4/20,24510,0.099369428,2.205255297,1/1/21
JOHNS HOPKINS BAYVIEW MEDICAL CENTER,12/4/20,24510,0.077408132,1.7178794,1/1/21
BALTIMORE CONVENTION CENTER ALTERNATE CARE SITE,12/4/20,24510,0.056534029,1.254631022,1/1/21
MEDSTAR UNION MEMORIAL HOSPITAL,12/4/20,24510,0.09762992,2.166651265,1/1/21
"JOHNS HOPKINS HOSPITAL, THE",12/4/20,24510,0.135029354,2.996637942,1/1/21
MEDSTAR HARBOR HOSPITAL,12/4/20,24510,0.067405958,1.495906219,1/1/21
UNIVERSITY OF MD MEDICAL CENTER MIDTOWN CAMPUS,12/4/20,24510,0.038486628,0.854114196,1/1/21
MERCY MEDICAL CENTER INC,12/4/20,24510,0.037834312,0.839637684,1/1/21
U P M C WESTERN MARYLAND,12/4/20,24001,1,6.690180198,1/2/21
UMD BALTIMORE WASHINGTON  MEDICAL CENTER,12/4/20,24003,0.52165088,12.43044184,1/2/21
ANNE ARUNDEL MEDICAL CENTER,12/4/20,24003,0.47834912,11.39860231,1/2/21
MEDSTAR FRANKLIN SQUARE MEDICAL CENTER,12/4/20,24005,0.407535563,12.53363055,1/2/21
GREATER BALTIMORE MEDICAL CENTER,12/4/20,24005,0.199923106,6.14857348,1/2/21
UNIVERSITY OF MD ST JOSEPH MEDICAL CENTER,12/4/20,24005,0.199923106,6.14857348,1/2/21
NORTHWEST HOSPITAL CENTER,12/4/20,24005,0.192618224,5.923914064,1/2/21
CALVERTHEALTH MEDICAL CENTER,12/4/20,24009,1,2.036933801,1/2/21
CARROLL HOSPITAL CENTER,12/4/20,24013,1,6.452206485,1/2/21
UNION HOSPITAL OF CECIL COUNTY,12/4/20,24015,1,5.30449245,1/2/21
UMD CHARLES REGIONAL  MEDICAL CENTER,12/4/20,24017,1,5.272164483,1/2/21
FREDERICK HEALTH HOSPITAL,12/4/20,24021,1,12.59252642,1/2/21
GARRETT COUNTY MEMORIAL HOSPITAL,12/4/20,24023,1,2.130460927,1/2/21
UNIVERSITY OF MD HARFORD MEMORIAL HOSPITAL,12/4/20,24025,0.222047244,1.603456846,1/2/21
UMD UPPER CHESAPEAKE MEDICAL CENTER,12/4/20,24025,0.777952756,5.617784977,1/2/21
HOWARD COUNTY GENERAL HOSPITAL,12/4/20,24027,1,10.13588575,1/2/21
UMD SHORE MEDICAL CTR AT CHESTERTOWN,12/4/20,24029,1,0.684270554,1/2/21
HOLY CROSS HOSPITAL,12/4/20,24031,0.354497354,14.51446282,1/2/21
MEDSTAR MONTGOMERY MEDICAL CENTER,12/4/20,24031,0.152218152,6.232387021,1/2/21
SUBURBAN HOSPITAL,12/4/20,24031,0.133089133,5.449172609,1/2/21
ADVENTIST HEALTHCARE SHADY GROVE MEDICAL CENTER,12/4/20,24031,0.266992267,10.93167349,1/2/21
HOLY CROSS GERMANTOWN HOSPITAL,12/4/20,24031,0.093203093,3.81608724,1/2/21
UMD PRINCE GEORGE'S HOSPITAL CTR,12/4/20,24033,0.283756684,11.1100262,1/2/21
ADVENTIST HEALTHCARE WHITE OAK MEDICAL CENTER,12/4/20,24033,0.344251337,13.4785948,1/2/21
MEDSTAR SOUTHERN MARYLAND HOSPITAL CENTER,12/4/20,24033,0.155748663,6.098082695,1/2/21
DOCTORS'  COMMUNITY HOSPITAL,12/4/20,24033,0.174131016,6.817813485,1/2/21
ADVENTIST HEALTHCARE FORT WASHINGTON MEDICAL CTR,12/4/20,24033,0.042112299,1.64883781,1/2/21
MEDSTAR SAINT MARY'S HOSPITAL,12/4/20,24037,1,3.683446228,1/2/21
UMD SHORE MEDICAL CENTER AT EASTON,12/4/20,24041,1,0.998347693,1/2/21
MERITUS MEDICAL CENTER,12/4/20,24043,1,9.408260011,1/2/21
"TIDALHEALTH PENINSULA REGIONAL, INC",12/4/20,24045,1,3.300728153,1/2/21
ATLANTIC GENERAL HOSPITAL,12/4/20,24047,1,1.620411833,1/2/21
SAINT AGNES HOSPITAL,12/4/20,24510,0.083931289,1.885808349,1/2/21
UNIVERSITY OF MARYLAND MEDICAL CENTER,12/4/20,24510,0.144161774,3.239095687,1/2/21
SINAI HOSPITAL OF BALTIMORE,12/4/20,24510,0.157860404,3.54688306,1/2/21
"GRACE MEDICAL CENTER, INC",12/4/20,24510,0.004348771,0.097710277,1/2/21
MEDSTAR GOOD SAMARITAN HOSPITAL,12/4/20,24510,0.099369428,2.232679832,1/2/21
JOHNS HOPKINS BAYVIEW MEDICAL CENTER,12/4/20,24510,0.077408132,1.739242933,1/2/21
BALTIMORE CONVENTION CENTER ALTERNATE CARE SITE,12/4/20,24510,0.056534029,1.270233603,1/2/21
MEDSTAR UNION MEMORIAL HOSPITAL,12/4/20,24510,0.09762992,2.193595722,1/2/21
"JOHNS HOPKINS HOSPITAL, THE",12/4/20,24510,0.135029354,3.033904105,1/2/21
MEDSTAR HARBOR HOSPITAL,12/4/20,24510,0.067405958,1.514509295,1/2/21
UNIVERSITY OF MD MEDICAL CENTER MIDTOWN CAMPUS,12/4/20,24510,0.038486628,0.864735953,1/2/21
MERCY MEDICAL CENTER INC,12/4/20,24510,0.037834312,0.850079411,1/2/21
U P M C WESTERN MARYLAND,12/4/20,24001,1,6.782025157,1/3/21
UMD BALTIMORE WASHINGTON  MEDICAL CENTER,12/4/20,24003,0.52165088,12.60109097,1/3/21
ANNE ARUNDEL MEDICAL CENTER,12/4/20,24003,0.47834912,11.55508601,1/3/21
MEDSTAR FRANKLIN SQUARE MEDICAL CENTER,12/4/20,24005,0.407535563,12.70569629,1/3/21
GREATER BALTIMORE MEDICAL CENTER,12/4/20,24005,0.199923106,6.232983087,1/3/21
UNIVERSITY OF MD ST JOSEPH MEDICAL CENTER,12/4/20,24005,0.199923106,6.232983087,1/3/21
NORTHWEST HOSPITAL CENTER,12/4/20,24005,0.192618224,6.005239474,1/3/21
CALVERTHEALTH MEDICAL CENTER,12/4/20,24009,1,2.064897488,1/3/21
CARROLL HOSPITAL CENTER,12/4/20,24013,1,6.540784464,1/3/21
UNION HOSPITAL OF CECIL COUNTY,12/4/20,24015,1,5.37731424,1/3/21
UMD CHARLES REGIONAL  MEDICAL CENTER,12/4/20,24017,1,5.344542464,1/3/21
FREDERICK HEALTH HOSPITAL,12/4/20,24021,1,12.7654007,1/3/21
GARRETT COUNTY MEMORIAL HOSPITAL,12/4/20,24023,1,2.159708584,1/3/21
UNIVERSITY OF MD HARFORD MEMORIAL HOSPITAL,12/4/20,24025,0.222047244,1.62546962,1/3/21
UMD UPPER CHESAPEAKE MEDICAL CENTER,12/4/20,24025,0.777952756,5.694907748,1/3/21
HOWARD COUNTY GENERAL HOSPITAL,12/4/20,24027,1,10.27503447,1/3/21
UMD SHORE MEDICAL CTR AT CHESTERTOWN,12/4/20,24029,1,0.693664442,1/3/21
HOLY CROSS HOSPITAL,12/4/20,24031,0.354497354,14.71372207,1/3/21
MEDSTAR MONTGOMERY MEDICAL CENTER,12/4/20,24031,0.152218152,6.317947247,1/3/21
SUBURBAN HOSPITAL,12/4/20,24031,0.133089133,5.523980615,1/3/21
ADVENTIST HEALTHCARE SHADY GROVE MEDICAL CENTER,12/4/20,24031,0.266992267,11.08174704,1/3/21
HOLY CROSS GERMANTOWN HOSPITAL,12/4/20,24031,0.093203093,3.868475721,1/3/21
UMD PRINCE GEORGE'S HOSPITAL CTR,12/4/20,24033,0.283756684,11.26254823,1/3/21
ADVENTIST HEALTHCARE WHITE OAK MEDICAL CENTER,12/4/20,24033,0.344251337,13.66363331,1/3/21
MEDSTAR SOUTHERN MARYLAND HOSPITAL CENTER,12/4/20,24033,0.155748663,6.181799148,1/3/21
DOCTORS'  COMMUNITY HOSPITAL,12/4/20,24033,0.174131016,6.911410636,1/3/21
ADVENTIST HEALTHCARE FORT WASHINGTON MEDICAL CTR,12/4/20,24033,0.042112299,1.671473589,1/3/21
MEDSTAR SAINT MARY'S HOSPITAL,12/4/20,24037,1,3.73401377,1/3/21
UMD SHORE MEDICAL CENTER AT EASTON,12/4/20,24041,1,1.012053334,1/3/21
MERITUS MEDICAL CENTER,12/4/20,24043,1,9.53741965,1/3/21
"TIDALHEALTH PENINSULA REGIONAL, INC",12/4/20,24045,1,3.346041618,1/3/21
ATLANTIC GENERAL HOSPITAL,12/4/20,24047,1,1.642657371,1/3/21
SAINT AGNES HOSPITAL,12/4/20,24510,0.083931289,1.911697336,1/3/21
UNIVERSITY OF MARYLAND MEDICAL CENTER,12/4/20,24510,0.144161774,3.283563041,1/3/21
SINAI HOSPITAL OF BALTIMORE,12/4/20,24510,0.157860404,3.595575819,1/3/21
"GRACE MEDICAL CENTER, INC",12/4/20,24510,0.004348771,0.099051675,1/3/21
MEDSTAR GOOD SAMARITAN HOSPITAL,12/4/20,24510,0.099369428,2.263330784,1/3/21
JOHNS HOPKINS BAYVIEW MEDICAL CENTER,12/4/20,24510,0.077408132,1.763119823,1/3/21
BALTIMORE CONVENTION CENTER ALTERNATE CARE SITE,12/4/20,24510,0.056534029,1.287671781,1/3/21
MEDSTAR UNION MEMORIAL HOSPITAL,12/4/20,24510,0.09762992,2.223710114,1/3/21
"JOHNS HOPKINS HOSPITAL, THE",12/4/20,24510,0.135029354,3.075554522,1/3/21
MEDSTAR HARBOR HOSPITAL,12/4/20,24510,0.067405958,1.535300969,1/3/21
UNIVERSITY OF MD MEDICAL CENTER MIDTOWN CAMPUS,12/4/20,24510,0.038486628,0.876607328,1/3/21
MERCY MEDICAL CENTER INC,12/4/20,24510,0.037834312,0.861749576,1/3/21
U P M C WESTERN MARYLAND,12/4/20,24001,1,6.569331567,1/4/21
UMD BALTIMORE WASHINGTON  MEDICAL CENTER,12/4/20,24003,0.52165088,12.20590351,1/4/21
ANNE ARUNDEL MEDICAL CENTER,12/4/20,24003,0.47834912,11.1927027,1/4/21
MEDSTAR FRANKLIN SQUARE MEDICAL CENTER,12/4/20,24005,0.407535563,12.30722827,1/4/21
GREATER BALTIMORE MEDICAL CENTER,12/4/20,24005,0.199923106,6.037508207,1/4/21
UNIVERSITY OF MD ST JOSEPH MEDICAL CENTER,12/4/20,24005,0.199923106,6.037508207,1/4/21
NORTHWEST HOSPITAL CENTER,12/4/20,24005,0.192618224,5.816906946,1/4/21
CALVERTHEALTH MEDICAL CENTER,12/4/20,24009,1,2.000139477,1/4/21
CARROLL HOSPITAL CENTER,12/4/20,24013,1,6.335656512,1/4/21
UNION HOSPITAL OF CECIL COUNTY,12/4/20,24015,1,5.208674306,1/4/21
UMD CHARLES REGIONAL  MEDICAL CENTER,12/4/20,24017,1,5.176930298,1/4/21
FREDERICK HEALTH HOSPITAL,12/4/20,24021,1,12.36506026,1/4/21
GARRETT COUNTY MEMORIAL HOSPITAL,12/4/20,24023,1,2.091977167,1/4/21
UNIVERSITY OF MD HARFORD MEMORIAL HOSPITAL,12/4/20,24025,0.222047244,1.574492669,1/4/21
UMD UPPER CHESAPEAKE MEDICAL CENTER,12/4/20,24025,0.777952756,5.516307647,1/4/21
HOWARD COUNTY GENERAL HOSPITAL,12/4/20,24027,1,9.952795332,1/4/21
UMD SHORE MEDICAL CTR AT CHESTERTOWN,12/4/20,24029,1,0.671910175,1/4/21
HOLY CROSS HOSPITAL,12/4/20,24031,0.354497354,14.25227961,1/4/21
MEDSTAR MONTGOMERY MEDICAL CENTER,12/4/20,24031,0.152218152,6.119807776,1/4/21
SUBURBAN HOSPITAL,12/4/20,24031,0.133089133,5.350741023,1/4/21
ADVENTIST HEALTHCARE SHADY GROVE MEDICAL CENTER,12/4/20,24031,0.266992267,10.73420829,1/4/21
HOLY CROSS GERMANTOWN HOSPITAL,12/4/20,24031,0.093203093,3.747155028,1/4/21
UMD PRINCE GEORGE'S HOSPITAL CTR,12/4/20,24033,0.283756684,10.90933931,1/4/21
ADVENTIST HEALTHCARE WHITE OAK MEDICAL CENTER,12/4/20,24033,0.344251337,13.23512307,1/4/21
MEDSTAR SOUTHERN MARYLAND HOSPITAL CENTER,12/4/20,24033,0.155748663,5.987929467,1/4/21
DOCTORS'  COMMUNITY HOSPITAL,12/4/20,24033,0.174131016,6.69465934,1/4/21
ADVENTIST HEALTHCARE FORT WASHINGTON MEDICAL CTR,12/4/20,24033,0.042112299,1.61905389,1/4/21
MEDSTAR SAINT MARY'S HOSPITAL,12/4/20,24037,1,3.616909988,1/4/21
UMD SHORE MEDICAL CENTER AT EASTON,12/4/20,24041,1,0.980313956,1/4/21
MERITUS MEDICAL CENTER,12/4/20,24043,1,9.238313118,1/4/21
"TIDALHEALTH PENINSULA REGIONAL, INC",12/4/20,24045,1,3.241105173,1/4/21
ATLANTIC GENERAL HOSPITAL,12/4/20,24047,1,1.591141388,1/4/21
SAINT AGNES HOSPITAL,12/4/20,24510,0.083931289,1.851743891,1/4/21
UNIVERSITY OF MARYLAND MEDICAL CENTER,12/4/20,24510,0.144161774,3.18058601,1/4/21
SINAI HOSPITAL OF BALTIMORE,12/4/20,24510,0.157860404,3.48281364,1/4/21
"GRACE MEDICAL CENTER, INC",12/4/20,24510,0.004348771,0.095945279,1/4/21
MEDSTAR GOOD SAMARITAN HOSPITAL,12/4/20,24510,0.099369428,2.192349633,1/4/21
JOHNS HOPKINS BAYVIEW MEDICAL CENTER,12/4/20,24510,0.077408132,1.707825972,1/4/21
BALTIMORE CONVENTION CENTER ALTERNATE CARE SITE,12/4/20,24510,0.056534029,1.247288632,1/4/21
MEDSTAR UNION MEMORIAL HOSPITAL,12/4/20,24510,0.09762992,2.153971521,1/4/21
"JOHNS HOPKINS HOSPITAL, THE",12/4/20,24510,0.135029354,2.979100924,1/4/21
MEDSTAR HARBOR HOSPITAL,12/4/20,24510,0.067405958,1.48715183,1/4/21
UNIVERSITY OF MD MEDICAL CENTER MIDTOWN CAMPUS,12/4/20,24510,0.038486628,0.849115722,1/4/21
MERCY MEDICAL CENTER INC,12/4/20,24510,0.037834312,0.83472393,1/4/21
U P M C WESTERN MARYLAND,12/4/20,24001,1,6.566914595,1/5/21
UMD BALTIMORE WASHINGTON  MEDICAL CENTER,12/4/20,24003,0.52165088,12.20141275,1/5/21
ANNE ARUNDEL MEDICAL CENTER,12/4/20,24003,0.47834912,11.18858471,1/5/21
MEDSTAR FRANKLIN SQUARE MEDICAL CENTER,12/4/20,24005,0.407535563,12.30270022,1/5/21
GREATER BALTIMORE MEDICAL CENTER,12/4/20,24005,0.199923106,6.035286902,1/5/21
UNIVERSITY OF MD ST JOSEPH MEDICAL CENTER,12/4/20,24005,0.199923106,6.035286902,1/5/21
NORTHWEST HOSPITAL CENTER,12/4/20,24005,0.192618224,5.814766803,1/5/21
CALVERTHEALTH MEDICAL CENTER,12/4/20,24009,1,1.99940359,1/5/21
CARROLL HOSPITAL CENTER,12/4/20,24013,1,6.333325513,1/5/21
UNION HOSPITAL OF CECIL COUNTY,12/4/20,24015,1,5.206757943,1/5/21
UMD CHARLES REGIONAL  MEDICAL CENTER,12/4/20,24017,1,5.175025614,1/5/21
FREDERICK HEALTH HOSPITAL,12/4/20,24021,1,12.36051094,1/5/21
GARRETT COUNTY MEMORIAL HOSPITAL,12/4/20,24023,1,2.091207492,1/5/21
UNIVERSITY OF MD HARFORD MEMORIAL HOSPITAL,12/4/20,24025,0.222047244,1.573913385,1/5/21
UMD UPPER CHESAPEAKE MEDICAL CENTER,12/4/20,24025,0.777952756,5.514278101,1/5/21
HOWARD COUNTY GENERAL HOSPITAL,12/4/20,24027,1,9.949133523,1/5/21
UMD SHORE MEDICAL CTR AT CHESTERTOWN,12/4/20,24029,1,0.671662968,1/5/21
HOLY CROSS HOSPITAL,12/4/20,24031,0.354497354,14.24703594,1/5/21
MEDSTAR MONTGOMERY MEDICAL CENTER,12/4/20,24031,0.152218152,6.117556191,1/5/21
SUBURBAN HOSPITAL,12/4/20,24031,0.133089133,5.348772391,1/5/21
ADVENTIST HEALTHCARE SHADY GROVE MEDICAL CENTER,12/4/20,24031,0.266992267,10.73025899,1/5/21
HOLY CROSS GERMANTOWN HOSPITAL,12/4/20,24031,0.093203093,3.745776384,1/5/21
UMD PRINCE GEORGE'S HOSPITAL CTR,12/4/20,24033,0.283756684,10.90532557,1/5/21
ADVENTIST HEALTHCARE WHITE OAK MEDICAL CENTER,12/4/20,24033,0.344251337,13.23025364,1/5/21
MEDSTAR SOUTHERN MARYLAND HOSPITAL CENTER,12/4/20,24033,0.155748663,5.985726403,1/5/21
DOCTORS'  COMMUNITY HOSPITAL,12/4/20,24033,0.174131016,6.692196257,1/5/21
ADVENTIST HEALTHCARE FORT WASHINGTON MEDICAL CTR,12/4/20,24033,0.042112299,1.618458212,1/5/21
MEDSTAR SAINT MARY'S HOSPITAL,12/4/20,24037,1,3.615579263,1/5/21
UMD SHORE MEDICAL CENTER AT EASTON,12/4/20,24041,1,0.979953281,1/5/21
MERITUS MEDICAL CENTER,12/4/20,24043,1,9.23491418,1/5/21
"TIDALHEALTH PENINSULA REGIONAL, INC",12/4/20,24045,1,3.239912714,1/5/21
ATLANTIC GENERAL HOSPITAL,12/4/20,24047,1,1.590555979,1/5/21
SAINT AGNES HOSPITAL,12/4/20,24510,0.083931289,1.851062602,1/5/21
UNIVERSITY OF MARYLAND MEDICAL CENTER,12/4/20,24510,0.144161774,3.179415817,1/5/21
SINAI HOSPITAL OF BALTIMORE,12/4/20,24510,0.157860404,3.481532252,1/5/21
"GRACE MEDICAL CENTER, INC",12/4/20,24510,0.004348771,0.095909979,1/5/21
MEDSTAR GOOD SAMARITAN HOSPITAL,12/4/20,24510,0.099369428,2.191543029,1/5/21
JOHNS HOPKINS BAYVIEW MEDICAL CENTER,12/4/20,24510,0.077408132,1.707197633,1/5/21
BALTIMORE CONVENTION CENTER ALTERNATE CARE SITE,12/4/20,24510,0.056534029,1.246829732,1/5/21
MEDSTAR UNION MEMORIAL HOSPITAL,12/4/20,24510,0.09762992,2.153179037,1/5/21
"JOHNS HOPKINS HOSPITAL, THE",12/4/20,24510,0.135029354,2.97800486,1/5/21
MEDSTAR HARBOR HOSPITAL,12/4/20,24510,0.067405958,1.486604681,1/5/21
UNIVERSITY OF MD MEDICAL CENTER MIDTOWN CAMPUS,12/4/20,24510,0.038486628,0.848803318,1/5/21
MERCY MEDICAL CENTER INC,12/4/20,24510,0.037834312,0.834416821,1/5/21
U P M C WESTERN MARYLAND,12/4/20,24001,1,6.745770568,1/6/21
UMD BALTIMORE WASHINGTON  MEDICAL CENTER,12/4/20,24003,0.52165088,12.53372947,1/6/21
ANNE ARUNDEL MEDICAL CENTER,12/4/20,24003,0.47834912,11.49331613,1/6/21
MEDSTAR FRANKLIN SQUARE MEDICAL CENTER,12/4/20,24005,0.407535563,12.63777561,1/6/21
GREATER BALTIMORE MEDICAL CENTER,12/4/20,24005,0.199923106,6.199663505,1/6/21
UNIVERSITY OF MD ST JOSEPH MEDICAL CENTER,12/4/20,24005,0.199923106,6.199663505,1/6/21
NORTHWEST HOSPITAL CENTER,12/4/20,24005,0.192618224,5.973137338,1/6/21
CALVERTHEALTH MEDICAL CENTER,12/4/20,24009,1,2.05385919,1/6/21
CARROLL HOSPITAL CENTER,12/4/20,24013,1,6.505819472,1/6/21
UNION HOSPITAL OF CECIL COUNTY,12/4/20,24015,1,5.348568796,1/6/21
UMD CHARLES REGIONAL  MEDICAL CENTER,12/4/20,24017,1,5.315972208,1/6/21
FREDERICK HEALTH HOSPITAL,12/4/20,24021,1,12.69716085,1/6/21
GARRETT COUNTY MEMORIAL HOSPITAL,12/4/20,24023,1,2.148163456,1/6/21
UNIVERSITY OF MD HARFORD MEMORIAL HOSPITAL,12/4/20,24025,0.222047244,1.616780367,1/6/21
UMD UPPER CHESAPEAKE MEDICAL CENTER,12/4/20,24025,0.777952756,5.664464549,1/6/21
HOWARD COUNTY GENERAL HOSPITAL,12/4/20,24027,1,10.22010735,1/6/21
UMD SHORE MEDICAL CTR AT CHESTERTOWN,12/4/20,24029,1,0.689956328,1/6/21
HOLY CROSS HOSPITAL,12/4/20,24031,0.354497354,14.6350671,1/6/21
MEDSTAR MONTGOMERY MEDICAL CENTER,12/4/20,24031,0.152218152,6.284173474,1/6/21
SUBURBAN HOSPITAL,12/4/20,24031,0.133089133,5.494451139,1/6/21
ADVENTIST HEALTHCARE SHADY GROVE MEDICAL CENTER,12/4/20,24031,0.266992267,11.02250748,1/6/21
HOLY CROSS GERMANTOWN HOSPITAL,12/4/20,24031,0.093203093,3.847796058,1/6/21
UMD PRINCE GEORGE'S HOSPITAL CTR,12/4/20,24033,0.283756684,11.20234217,1/6/21
ADVENTIST HEALTHCARE WHITE OAK MEDICAL CENTER,12/4/20,24033,0.344251337,13.59059179,1/6/21
MEDSTAR SOUTHERN MARYLAND HOSPITAL CENTER,12/4/20,24033,0.155748663,6.14875318,1/6/21
DOCTORS'  COMMUNITY HOSPITAL,12/4/20,24033,0.174131016,6.874464392,1/6/21
ADVENTIST HEALTHCARE FORT WASHINGTON MEDICAL CTR,12/4/20,24033,0.042112299,1.662538413,1/6/21
MEDSTAR SAINT MARY'S HOSPITAL,12/4/20,24037,1,3.714052898,1/6/21
UMD SHORE MEDICAL CENTER AT EASTON,12/4/20,24041,1,1.006643212,1/6/21
MERITUS MEDICAL CENTER,12/4/20,24043,1,9.486435582,1/6/21
"TIDALHEALTH PENINSULA REGIONAL, INC",12/4/20,24045,1,3.328154724,1/6/21
ATLANTIC GENERAL HOSPITAL,12/4/20,24047,1,1.633876238,1/6/21
SAINT AGNES HOSPITAL,12/4/20,24510,0.083931289,1.901477999,1/6/21
UNIVERSITY OF MARYLAND MEDICAL CENTER,12/4/20,24510,0.144161774,3.266010138,1/6/21
SINAI HOSPITAL OF BALTIMORE,12/4/20,24510,0.157860404,3.576354993,1/6/21
"GRACE MEDICAL CENTER, INC",12/4/20,24510,0.004348771,0.098522176,1/6/21
MEDSTAR GOOD SAMARITAN HOSPITAL,12/4/20,24510,0.099369428,2.251231724,1/6/21
JOHNS HOPKINS BAYVIEW MEDICAL CENTER,12/4/20,24510,0.077408132,1.753694735,1/6/21
BALTIMORE CONVENTION CENTER ALTERNATE CARE SITE,12/4/20,24510,0.056534029,1.280788289,1/6/21
MEDSTAR UNION MEMORIAL HOSPITAL,12/4/20,24510,0.09762992,2.211822854,1/6/21
"JOHNS HOPKINS HOSPITAL, THE",12/4/20,24510,0.135029354,3.059113568,1/6/21
MEDSTAR HARBOR HOSPITAL,12/4/20,24510,0.067405958,1.52709373,1/6/21
UNIVERSITY OF MD MEDICAL CENTER MIDTOWN CAMPUS,12/4/20,24510,0.038486628,0.871921259,1/6/21
MERCY MEDICAL CENTER INC,12/4/20,24510,0.037834312,0.857142932,1/6/21
U P M C WESTERN MARYLAND,12/4/20,24001,1,6.702265061,1/7/21
UMD BALTIMORE WASHINGTON  MEDICAL CENTER,12/4/20,24003,0.52165088,12.45289567,1/7/21
ANNE ARUNDEL MEDICAL CENTER,12/4/20,24003,0.47834912,11.41919227,1/7/21
MEDSTAR FRANKLIN SQUARE MEDICAL CENTER,12/4/20,24005,0.407535563,12.55627078,1/7/21
GREATER BALTIMORE MEDICAL CENTER,12/4/20,24005,0.199923106,6.159680007,1/7/21
UNIVERSITY OF MD ST JOSEPH MEDICAL CENTER,12/4/20,24005,0.199923106,6.159680007,1/7/21
NORTHWEST HOSPITAL CENTER,12/4/20,24005,0.192618224,5.934614776,1/7/21
CALVERTHEALTH MEDICAL CENTER,12/4/20,24009,1,2.040613234,1/7/21
CARROLL HOSPITAL CENTER,12/4/20,24013,1,6.463861482,1/7/21
UNION HOSPITAL OF CECIL COUNTY,12/4/20,24015,1,5.314074265,1/7/21
UMD CHARLES REGIONAL  MEDICAL CENTER,12/4/20,24017,1,5.281687902,1/7/21
FREDERICK HEALTH HOSPITAL,12/4/20,24021,1,12.61527303,1/7/21
GARRETT COUNTY MEMORIAL HOSPITAL,12/4/20,24023,1,2.134309303,1/7/21
UNIVERSITY OF MD HARFORD MEMORIAL HOSPITAL,12/4/20,24025,0.222047244,1.606353263,1/7/21
UMD UPPER CHESAPEAKE MEDICAL CENTER,12/4/20,24025,0.777952756,5.62793271,1/7/21
HOWARD COUNTY GENERAL HOSPITAL,12/4/20,24027,1,10.1541948,1/7/21
UMD SHORE MEDICAL CTR AT CHESTERTOWN,12/4/20,24029,1,0.685506592,1/7/21
HOLY CROSS HOSPITAL,12/4/20,24031,0.354497354,14.54068114,1/7/21
MEDSTAR MONTGOMERY MEDICAL CENTER,12/4/20,24031,0.152218152,6.243644946,1/7/21
SUBURBAN HOSPITAL,12/4/20,24031,0.133089133,5.459015768,1/7/21
ADVENTIST HEALTHCARE SHADY GROVE MEDICAL CENTER,12/4/20,24031,0.266992267,10.95142001,1/7/21
HOLY CROSS GERMANTOWN HOSPITAL,12/4/20,24031,0.093203093,3.822980461,1/7/21
UMD PRINCE GEORGE'S HOSPITAL CTR,12/4/20,24033,0.283756684,11.13009489,1/7/21
ADVENTIST HEALTHCARE WHITE OAK MEDICAL CENTER,12/4/20,24033,0.344251337,13.50294197,1/7/21
MEDSTAR SOUTHERN MARYLAND HOSPITAL CENTER,12/4/20,24033,0.155748663,6.109098018,1/7/21
DOCTORS'  COMMUNITY HOSPITAL,12/4/20,24033,0.174131016,6.8301289,1/7/21
ADVENTIST HEALTHCARE FORT WASHINGTON MEDICAL CTR,12/4/20,24033,0.042112299,1.651816202,1/7/21
MEDSTAR SAINT MARY'S HOSPITAL,12/4/20,24037,1,3.690099852,1/7/21
UMD SHORE MEDICAL CENTER AT EASTON,12/4/20,24041,1,1.000151067,1/7/21
MERITUS MEDICAL CENTER,12/4/20,24043,1,9.4252547,1/7/21
"TIDALHEALTH PENINSULA REGIONAL, INC",12/4/20,24045,1,3.306690451,1/7/21
ATLANTIC GENERAL HOSPITAL,12/4/20,24047,1,1.623338878,1/7/21
SAINT AGNES HOSPITAL,12/4/20,24510,0.083931289,1.889214794,1/7/21
UNIVERSITY OF MARYLAND MEDICAL CENTER,12/4/20,24510,0.144161774,3.244946654,1/7/21
SINAI HOSPITAL OF BALTIMORE,12/4/20,24510,0.157860404,3.553290002,1/7/21
"GRACE MEDICAL CENTER, INC",12/4/20,24510,0.004348771,0.097886777,1/7/21
MEDSTAR GOOD SAMARITAN HOSPITAL,12/4/20,24510,0.099369428,2.236712852,1/7/21
JOHNS HOPKINS BAYVIEW MEDICAL CENTER,12/4/20,24510,0.077408132,1.742384629,1/7/21
BALTIMORE CONVENTION CENTER ALTERNATE CARE SITE,12/4/20,24510,0.056534029,1.2725281,1/7/21
MEDSTAR UNION MEMORIAL HOSPITAL,12/4/20,24510,0.09762992,2.197558142,1/7/21
"JOHNS HOPKINS HOSPITAL, THE",12/4/20,24510,0.135029354,3.039384423,1/7/21
MEDSTAR HARBOR HOSPITAL,12/4/20,24510,0.067405958,1.517245042,1/7/21
UNIVERSITY OF MD MEDICAL CENTER MIDTOWN CAMPUS,12/4/20,24510,0.038486628,0.866297976,1/7/21
MERCY MEDICAL CENTER INC,12/4/20,24510,0.037834312,0.851614959,1/7/21
U P M C WESTERN MARYLAND,12/4/20,24001,1,6.8400325,1/8/21
UMD BALTIMORE WASHINGTON  MEDICAL CENTER,12/4/20,24003,0.52165088,12.70886937,1/8/21
ANNE ARUNDEL MEDICAL CENTER,12/4/20,24003,0.47834912,11.65391783,1/8/21
MEDSTAR FRANKLIN SQUARE MEDICAL CENTER,12/4/20,24005,0.407535563,12.81436939,1/8/21
GREATER BALTIMORE MEDICAL CENTER,12/4/20,24005,0.199923106,6.286294417,1/8/21
UNIVERSITY OF MD ST JOSEPH MEDICAL CENTER,12/4/20,24005,0.199923106,6.286294417,1/8/21
NORTHWEST HOSPITAL CENTER,12/4/20,24005,0.192618224,6.056602891,1/8/21
CALVERTHEALTH MEDICAL CENTER,12/4/20,24009,1,2.082558763,1/8/21
CARROLL HOSPITAL CENTER,12/4/20,24013,1,6.596728451,1/8/21
UNION HOSPITAL OF CECIL COUNTY,12/4/20,24015,1,5.423306949,1/8/21
UMD CHARLES REGIONAL  MEDICAL CENTER,12/4/20,24017,1,5.390254873,1/8/21
FREDERICK HEALTH HOSPITAL,12/4/20,24021,1,12.87458445,1/8/21
GARRETT COUNTY MEMORIAL HOSPITAL,12/4/20,24023,1,2.178180789,1/8/21
UNIVERSITY OF MD HARFORD MEMORIAL HOSPITAL,12/4/20,24025,0.222047244,1.639372425,1/8/21
UMD UPPER CHESAPEAKE MEDICAL CENTER,12/4/20,24025,0.777952756,5.743616866,1/8/21
HOWARD COUNTY GENERAL HOSPITAL,12/4/20,24027,1,10.36291788,1/8/21
UMD SHORE MEDICAL CTR AT CHESTERTOWN,12/4/20,24029,1,0.699597423,1/8/21
HOLY CROSS HOSPITAL,12/4/20,24031,0.354497354,14.83957001,1/8/21
MEDSTAR MONTGOMERY MEDICAL CENTER,12/4/20,24031,0.152218152,6.371985285,1/8/21
SUBURBAN HOSPITAL,12/4/20,24031,0.133089133,5.571227776,1/8/21
ADVENTIST HEALTHCARE SHADY GROVE MEDICAL CENTER,12/4/20,24031,0.266992267,11.17653034,1/8/21
HOLY CROSS GERMANTOWN HOSPITAL,12/4/20,24031,0.093203093,3.901563183,1/8/21
UMD PRINCE GEORGE'S HOSPITAL CTR,12/4/20,24033,0.283756684,11.35887794,1/8/21
ADVENTIST HEALTHCARE WHITE OAK MEDICAL CENTER,12/4/20,24033,0.344251337,13.78049974,1/8/21
MEDSTAR SOUTHERN MARYLAND HOSPITAL CENTER,12/4/20,24033,0.155748663,6.234672698,1/8/21
DOCTORS'  COMMUNITY HOSPITAL,12/4/20,24033,0.174131016,6.970524625,1/8/21
ADVENTIST HEALTHCARE FORT WASHINGTON MEDICAL CTR,12/4/20,24033,0.042112299,1.685769871,1/8/21
MEDSTAR SAINT MARY'S HOSPITAL,12/4/20,24037,1,3.765951165,1/8/21
UMD SHORE MEDICAL CENTER AT EASTON,12/4/20,24041,1,1.020709527,1/8/21
MERITUS MEDICAL CENTER,12/4/20,24043,1,9.618994158,1/8/21
"TIDALHEALTH PENINSULA REGIONAL, INC",12/4/20,24045,1,3.374660648,1/8/21
ATLANTIC GENERAL HOSPITAL,12/4/20,24047,1,1.656707185,1/8/21
SAINT AGNES HOSPITAL,12/4/20,24510,0.083931289,1.928048275,1/8/21
UNIVERSITY OF MARYLAND MEDICAL CENTER,12/4/20,24510,0.144161774,3.311647686,1/8/21
SINAI HOSPITAL OF BALTIMORE,12/4/20,24510,0.157860404,3.62632914,1/8/21
"GRACE MEDICAL CENTER, INC",12/4/20,24510,0.004348771,0.099898874,1/8/21
MEDSTAR GOOD SAMARITAN HOSPITAL,12/4/20,24510,0.099369428,2.282689279,1/8/21
JOHNS HOPKINS BAYVIEW MEDICAL CENTER,12/4/20,24510,0.077408132,1.778199964,1/8/21
BALTIMORE CONVENTION CENTER ALTERNATE CARE SITE,12/4/20,24510,0.056534029,1.298685367,1/8/21
MEDSTAR UNION MEMORIAL HOSPITAL,12/4/20,24510,0.09762992,2.24272973,1/8/21
"JOHNS HOPKINS HOSPITAL, THE",12/4/20,24510,0.135029354,3.101860049,1/8/21
MEDSTAR HARBOR HOSPITAL,12/4/20,24510,0.067405958,1.548432553,1/8/21
UNIVERSITY OF MD MEDICAL CENTER MIDTOWN CAMPUS,12/4/20,24510,0.038486628,0.884105038,1/8/21
MERCY MEDICAL CENTER INC,12/4/20,24510,0.037834312,0.869120207,1/8/21
U P M C WESTERN MARYLAND,12/4/20,24001,1,6.861785254,1/9/21
UMD BALTIMORE WASHINGTON  MEDICAL CENTER,12/4/20,24003,0.52165088,12.74928627,1/9/21
ANNE ARUNDEL MEDICAL CENTER,12/4/20,24003,0.47834912,11.69097975,1/9/21
MEDSTAR FRANKLIN SQUARE MEDICAL CENTER,12/4/20,24005,0.407535563,12.8551218,1/9/21
GREATER BALTIMORE MEDICAL CENTER,12/4/20,24005,0.199923106,6.306286166,1/9/21
UNIVERSITY OF MD ST JOSEPH MEDICAL CENTER,12/4/20,24005,0.199923106,6.306286166,1/9/21
NORTHWEST HOSPITAL CENTER,12/4/20,24005,0.192618224,6.075864172,1/9/21
CALVERTHEALTH MEDICAL CENTER,12/4/20,24009,1,2.089181742,1/9/21
CARROLL HOSPITAL CENTER,12/4/20,24013,1,6.617707446,1/9/21
UNION HOSPITAL OF CECIL COUNTY,12/4/20,24015,1,5.440554215,1/9/21
UMD CHARLES REGIONAL  MEDICAL CENTER,12/4/20,24017,1,5.407397026,1/9/21
FREDERICK HEALTH HOSPITAL,12/4/20,24021,1,12.91552836,1/9/21
GARRETT COUNTY MEMORIAL HOSPITAL,12/4/20,24023,1,2.185107866,1/9/21
UNIVERSITY OF MD HARFORD MEMORIAL HOSPITAL,12/4/20,24025,0.222047244,1.644585977,1/9/21
UMD UPPER CHESAPEAKE MEDICAL CENTER,12/4/20,24025,0.777952756,5.761882785,1/9/21
HOWARD COUNTY GENERAL HOSPITAL,12/4/20,24027,1,10.39587415,1/9/21
UMD SHORE MEDICAL CTR AT CHESTERTOWN,12/4/20,24029,1,0.701822291,1/9/21
HOLY CROSS HOSPITAL,12/4/20,24031,0.354497354,14.88676299,1/9/21
MEDSTAR MONTGOMERY MEDICAL CENTER,12/4/20,24031,0.152218152,6.392249549,1/9/21
SUBURBAN HOSPITAL,12/4/20,24031,0.133089133,5.588945462,1/9/21
ADVENTIST HEALTHCARE SHADY GROVE MEDICAL CENTER,12/4/20,24031,0.266992267,11.21207408,1/9/21
HOLY CROSS GERMANTOWN HOSPITAL,12/4/20,24031,0.093203093,3.913970981,1/9/21
UMD PRINCE GEORGE'S HOSPITAL CTR,12/4/20,24033,0.283756684,11.39500158,1/9/21
ADVENTIST HEALTHCARE WHITE OAK MEDICAL CENTER,12/4/20,24033,0.344251337,13.82432465,1/9/21
MEDSTAR SOUTHERN MARYLAND HOSPITAL CENTER,12/4/20,24033,0.155748663,6.254500279,1/9/21
DOCTORS'  COMMUNITY HOSPITAL,12/4/20,24033,0.174131016,6.992692371,1/9/21
ADVENTIST HEALTHCARE FORT WASHINGTON MEDICAL CTR,12/4/20,24033,0.042112299,1.691130977,1/9/21
MEDSTAR SAINT MARY'S HOSPITAL,12/4/20,24037,1,3.777927688,1/9/21
UMD SHORE MEDICAL CENTER AT EASTON,12/4/20,24041,1,1.0239556,1/9/21
MERITUS MEDICAL CENTER,12/4/20,24043,1,9.649584599,1/9/21
"TIDALHEALTH PENINSULA REGIONAL, INC",12/4/20,24045,1,3.385392784,1/9/21
ATLANTIC GENERAL HOSPITAL,12/4/20,24047,1,1.661975865,1/9/21
SAINT AGNES HOSPITAL,12/4/20,24510,0.083931289,1.934179878,1/9/21
UNIVERSITY OF MARYLAND MEDICAL CENTER,12/4/20,24510,0.144161774,3.322179427,1/9/21
SINAI HOSPITAL OF BALTIMORE,12/4/20,24510,0.157860404,3.637861635,1/9/21
"GRACE MEDICAL CENTER, INC",12/4/20,24510,0.004348771,0.100216574,1/9/21
MEDSTAR GOOD SAMARITAN HOSPITAL,12/4/20,24510,0.099369428,2.289948715,1/9/21
JOHNS HOPKINS BAYVIEW MEDICAL CENTER,12/4/20,24510,0.077408132,1.783855017,1/9/21
BALTIMORE CONVENTION CENTER ALTERNATE CARE SITE,12/4/20,24510,0.056534029,1.302815462,1/9/21
MEDSTAR UNION MEMORIAL HOSPITAL,12/4/20,24510,0.09762992,2.249862086,1/9/21
"JOHNS HOPKINS HOSPITAL, THE",12/4/20,24510,0.135029354,3.111724622,1/9/21
MEDSTAR HARBOR HOSPITAL,12/4/20,24510,0.067405958,1.553356897,1/9/21
UNIVERSITY OF MD MEDICAL CENTER MIDTOWN CAMPUS,12/4/20,24510,0.038486628,0.88691668,1/9/21
MERCY MEDICAL CENTER INC,12/4/20,24510,0.037834312,0.871884194,1/9/21